rowname,comb_dedup,spec,n
a0788_Leu_AFZ61501.1_A1_BGC0000462_WLIP_Leu,LWHAFDAMAWEPFLLIGGDINNYGPTEATVVATS,Leu,104
a0639_Leu_AFZ61525.1_A3_BGC0000462_WLIP_Leu,LWHAFDAMAWEPFLLIGGDINNYGPTEATVVATS,Leu,104
b0450_Leu_AGE25479.1_A3_BGC0001208_poaeamide_Leu,LWHAFDAMAWEPFLLIGGDINNYGPTEGTVVATS,Leu,104
a0432_Leu_AGM14934.1_A1_BGC0000463_xantholysin_Leu,LWHLFDAMAWEPFLLIGGDVNNYGPTETTVVASS,Leu,104
a0179_Leu_CDG17981.1_A1_BGC0000464_xenoamicins_Leu,LNSAFDAATWESFLLFGGELHMYGPAETTTFATA,Leu,104
b0237_Leu_AFJ23819.1_A1_BGC0000462_WLIP_Leu,LWHAFDAMAWEPFLLVGGDINNYGPTEATVVASS,Leu,104
a0520_Leu_CAA06323.1_A2_BGC0000381_lichenysin_Leu,TNTSFDAFMFDGMILFGGELHMYGPSESTVFTTY,Leu,104
a0148_Leu_CBJ90082.1_A2_BGC0001132_xenotetrapeptide_Leu,LDKAFDAGVWEMCLILGGEFNAYGPTEITVCATS,Leu,104
a0351_Leu_AHZ34232.1_A2_BGC0000323_cichofactins_Leu,LWHAFDAMVWEPFLLIGGDINNYGPTETTVVATS,Leu,104
a0468_Leu_CBJ79915.1_A1_BGC0001133_taxlllaid_NOTE:final_product,LFISFDASVFEPFIHTGGEFNQYGPTEITVCATQ,Leu,104
a0350_Leu_AHZ34232.1_A1_BGC0000323_cichofactins_Leu,LWHAFDAMAWEPFLLIGGDINNYGPTETTVVATS,Leu,104
a0053_Leu_CAD92850.1_A2_not_in_mibig_gramicidin_Leu,LWHAFDASVWEPFLLTGGDVNQYGPTENTVVATA,Leu,104
a0166_Leu_AFH75330.1_A2_BGC0000398_orfamide_Leu,LWHAFDAMAWEPFLLIGGDVNNYGPTEATVVATS,Leu,104
a0641_Leu_AFZ61526.1_A1_BGC0000462_WLIP_Leu,LWHAFDAMAWEPFLLIGGDINNYGPTEATVVATS,Leu,104
a0691_Leu_BAA83993.1_A1_BGC0001017_microcystin_Leu,LWHAFDAAVWEPFLLTGGDINNYGPTENTVVTTS,Leu,104
b0425_Leu_AEZ51516.1_A2_BGC0001153_polymyxin_Leu,INTSFDGAIFDGLILFGGENHLYGPSESTVYTTY,Leu,104
a0370_Leu_AAM78457.1_A11_not_in_mibig_peptaibols_Leu,NAISFDFSILEMYLFAGGEINGWGPTETTVVGSI,Leu,104
a0760_Leu_BAC67534.2_A1_BGC0000305_arthrofactin_Leu,LWHAFDAMAWEPFLLIGGDINNYGPTEATVVATS,Leu,104
a0157_Leu_CBJ90287.1_A1_BGC0000416_rhabdopeptides_Leu,LAQAFDAAILEMVLLLAGEFNVYGPTECTSIITS,Leu,104
a0557_Leu_CAE02630.1_A3_BGC0000433_surfactin_Leu,LWHAFDASIWEPFLLVGGDINNYGPTENTVVATS,Leu,104
a0516_Leu_BAA02522.1_A2_not_in_mibig_surfactin_Leu,TETSFDAFMFDGMIMFGGELHMYGPSESTVFATY,Leu,104
a0589_Leu_CAD29798.1_A1_BGC0001015_microcystin_Leu,NRTSFDASVLDWFFFCGGEHNLYGPTETSVDATC,Leu,104
a0596_Leu_CAA82227.1_A2_not_in_mibig_cyclosporin_Leu,LQTSFDASIWETLFYVGGDYNAYGPTENTVMSTL,Leu,104
a0521_Leu_CAA06323.1_A3_BGC0000381_lichenysin_Leu,LWHAFDASVWEPFLLTGGDVNNYGPTENTVVATS,Leu,104
b0490_Leu_ANQ43349.1_A2_BGC0001347_poaeamide_b_Leu,LWHAFDAMAWEPFLLIGGDVNNYGPTEATVVATS,Leu,104
b0474_Leu_AOA33121.1_A1_BGC0001346_bananamides_Leu,LWHLFDAMAWEPFLLIGGDINNYGPTEATVVATS,Leu,104
a0284_Leu_AFH75320.1_A4_BGC0000425_sessilin_NOTE:no_epimerase_d,LWHAFDAMAWEPFLLVGGDVNNYGPTEATVVATS,Leu,104
b0078_Leu_AHB38511.1_A1_BGC0000345_eponemycin_Leu,FNPSFDAFHWECLVATGGDVNLYGPTEAATACSA,Leu,104
a0421_Leu_CAD92851.1_A6_not_in_mibig_gramicidin_Leu,LWHAFDAAVWEPFLLTGGDVNQYGPTENAVVATA,Leu,104
a0422_Leu_AGM14925.1_A1_BGC0000463_xantholysin_Leu,LWHAFDAMAWEPFLLVGGDINNYGPTEATVVASA,Leu,104
a0751_Leu_AAF17280.1_A1_BGC0001028_nostopeptolide_Leu,LWHAFDAAVWEPFLLTGGDVNNYGPTENTVVSTS,Leu,104
a0619_Leu_AAC06346.1_A3_BGC0000310_bacitracin_Leu,LWHAFDAFVWEPFLLTGGDVNNYGPTENTVVATS,Leu,104
b0477_Leu_AOA33122.1_A2_BGC0001346_bananamides_Leu,LWHAFDAMAWEPFLLIGGDINNYGPTEATVVATS,Leu,104
a0268_Leu_CCJ67640.1_A3_BGC0000447_tolaasin_Leu,LWHAFDAMAWEPFLLIGGDVNNYGPTEATVVATS,Leu,104
a0163_Leu_AFH75329.1_A3_BGC0000398_orfamide_Leu,LWHLFDAMAWEPFLLIGGDVNNYGPTEATVVATS,Leu,104
a0604_Leu_CAA82227.1_A10_not_in_mibig_cyclosporin_Leu,LQNSFDASVWETLLYIGGDYNAYGPTENSVMSTI,Leu,104
a0260_Leu_CCJ67638.1_A1_BGC0000447_tolaasin_NOTE:final_epimeriz,LWHAFDAMAWEPFLLIGGDVNNYGPTEATVVATS,Leu,104
a0740_Leu_CAA11794.1_A1_BGC0000455_vancomycin_Leu,LDPSFDASLFETYLLTGGDRNMYGPTEATMCATW,Leu,104
b0080_Leu_AHB38515.1_A2_BGC0000345_Leu,LWHSFDATQWEPYLLFAAAANNYGPTEGSVVATW,Leu,104
a0165_Leu_AFH75330.1_A1_BGC0000398_orfamide_Leu,LWHLFDAMAWEPFLLVGGDVNNYGPTEATVVATS,Leu,104
a0467_Leu_WP_069322367.1_A3_not_in_mibig_surfactin_Leu,LWHAFDASIWEPFLLTGGDVNNYGPTENTVVATS,Leu,104
a0798_Leu_AIT38302.1_A1_BGC0000382_lipstatin_Leu,FWMSFDISCFPLALLLGGEINGYGPTEATVACLA,Leu,104
b0243_Leu_AFJ23826.1_A1_BGC0000462_WLIP_Leu,LWHLFDAMAWEPFLLIGGDINNYGPTETTVVASS,Leu,104
b0454_Leu_AGE25480.1_A3_BGC0001208_poaeamide_Leu,RWMTFDVSVWEWHFMCSGEYNLYGPTEAAVDVTA,Leu,104
a0430_Leu_AGM14933.1_A7_BGC0000463_xantholysin_Leu,LWHAFDAMAWEPFLLVGGDVNNYGPTETTVVATS,Leu,104
a0597_Leu_CAA82227.1_A3_not_in_mibig_cyclosporin_Leu,LQTSFDASVWETLLYIGGDFNAYGPTENTVMSTI,Leu,104
a0116_Leu_simA_not_in_genbank_A3_BGC0000334_cyclosporin_NOTE:pr,TAYSFDVGILDVMLGLTGEHGLYGPAEASVCAWQ,Leu,104
a0353_Leu_AHZ34233.1_A1_BGC0000323_cichofactins_Leu,LWHAFDAMAWEPFLLIGGDINNYGPTEATVVATS,Leu,104
a0187_Leu_CDG17980.1_A7_BGC0000464_xenoamicins_Leu,LNSAFDASTWEAWLLVGGEINGYGPTETTTFAAT,Leu,104
b0482_Leu_ANQ43347.1_A1_BGC0001347_poaeamide_b_Leu,LWHAFDAMAWEPFLLIGGDINNYGPTEATVVATS,Leu,104
a0602_Leu_CAA82227.1_A8_not_in_mibig_cyclosporin_Leu,LQSSFDASIWETLFYIGGDYNAYGPTENTVMSTI,Leu,104
b0480_Leu_AOA33123.1_A1_BGC0001346_bananamides_Leu,LWHLFDAMAWEPFLLIGGDINNYGPTEATVVATS,Leu,104
a0288_Leu_AFH75321.1_A2_BGC0000425_sessilin_Leu,LNNSFDASTLDAWMIVGGDLNGYGPTEATTFSTT,Leu,104
a0556_Leu_CAE02630.1_A2_BGC0000433_surfactin_Leu,TNTSFDAFMFDGMIMFGGELHMYGPSESTVFATY,Leu,104
a0136_Leu_CDG17982.1_A4_BGC0000464_xenoamicins_Leu,LNSAFDASTWESWLLIGGDINGYGPTETTTFAAT,Leu,104
b0478_Leu_AOA33122.1_A3_BGC0001346_bananamides_Leu,LWHAFDAMAWEPFLLIGGDINNYGPTEATVVATS,Leu,104
b0241_Leu_AFJ23825.1_A3_BGC0000462_WLIP_Leu,LWHAFDAMAWEPFLLIGGDINNYGPTETTVVATS,Leu,104
a0517_Leu_BAA02522.1_A3_not_in_mibig_surfactin_Leu,LWHAFDASIWEPFLLTGGDVNNYGPTENTVVATS,Leu,104
b0019_Leu_CAJ21198.2_A1_BGC0000297_aeruginoside_Leu,LWHAFDASVWEPFILTGGDVNNYGPTENTVVTTS,Leu,104
b0456_Leu_AGE26255.1_A1_BGC0001208_poaeamide_Leu,LWHAFDAMAWEPFLLIGGDINNYGPTEATVVATS,Leu,104
a0472_Leu_CBJ79916.1_A4_BGC0001133_taxlllaid_NOTE:final_product,LFISFDASVFEPFIHTGGEFNQYGPTEITVCATQ,Leu,104
a0460_Leu_AEC14346.1_A2_BGC0000377_koranimine_Leu,LWHSFDASVWEPFFLTGGDYNNYGPTEGTVVSTA,Leu,104
a0534_Leu_CAA43838.1_A4_not_in_mibig_gramicidin_Leu,CWRFFDGFVASAYGTLGGENNEYGPTENSVVTTI,Leu,104
b0229_Leu_AGN74876.1_A2_BGC0000459_griseoviridin_Leu,LAQAFDASVMEMLIVVGGEVNAYGPTETTACATT,Leu,104
a0180_Leu_CDG17981.1_A2_BGC0000464_xenoamicins_Leu,LNSAFDASTWESWLLIGGDINGYGPTETTTFAAT,Leu,104
a0499_Leu_BAH43766.1_A6_BGC0000452_tyrocidine_Leu,CWRFFDGFVASAYGTLGGENNEYGPTENSVVTTI,Leu,104
a0356_Leu_AHZ34233.1_A4_BGC0000323_cichofactins_Leu,LWHAFDAMAWEPFLLIGGDINNYGPTEATVVATS,Leu,104
b0449_Leu_AGE25479.1_A2_BGC0001208_poaeamide_Leu,LWHAFDAMAWEPFLLIGGDINNYGPTEATVVATS,Leu,104
a0115_Leu_simA_not_in_genbank_A2_BGC0000334_cyclosporin_NOTE:pr,SGQAFDACIPEGSVTDCGEINAYGPTEVCVCCAM,Leu,104
a0510_Leu_CAA49818.1_A1_not_in_mibig_surfactin_Leu,LHVSFDAFTFDAFALFGGEINCYGPTEGTVFATA,Leu,104
a0724_Leu_CAG29031.1_A2_BGC0001023_myxochromides_Leu,IVSAFDASVWEALLISGGEFNAYGPTETTIYATL,Leu,104
a0576_Leu_BAC67535.1_A3_BGC0000305_arthrofactin_Leu,LWHAFDAMAWEPFLLIGGDINNYGPTEATVVATS,Leu,104
b0304_Leu_CCC55922.1_A1_BGC0000973_collismycin_Leu,LAGHFDYSVWEGSEFLGGDYNLYGVTEATVVSTY,Leu,104
a0016_Leu_CAC48360.1_A1_BGC0000311_balhimycin_Leu,LDASFDASLFEMYLLTGGDRNMYGPTEATMCATW,Leu,104
a0593_Leu_AAF15891.2_A4_BGC0001028_nostopeptolide_Leu,LWHAFDAAVWEPFLLTGGDVNNYGPTENTVVTTS,Leu,104
a0212_Leu_AEA30274.1_A3_BGC0000429_skyllamycin_NOTE:no_epimeras,FSCSFDASVLEMLIVVGGDVNAYGPTEATVAVTM,Leu,104
a0264_Leu_CCJ67639.1_A2_BGC0000447_tolaasin_Leu,LWHAFDAMAWEPFLLIGGDVNNYGPTEATVVATS,Leu,104
a0257_Leu_CCJ67637.1_A1_BGC0000447_tolaasin_NOTE:final_epimeriz,LWHAFDAMAWEPFLLIGGDVNNYGPTEATVVATS,Leu,104
a0469_Leu_CBJ79915.1_A2_BGC0001133_taxlllaid_Leu,LFISFDASVFEPFIHTGGEFNQYGPTEITVCATQ,Leu,104
a0530_Leu_BAA06146.1_A4_not_in_mibig_gramicidin_Leu,CWRFFDGFVASAYGTLGGENNEYGPTENSVVTTI,Leu,104
a0121_Leu_simA_not_in_genbank_A8_BGC0000334_cyclosporin_NOTE:pr,SSIAFDLCIGEGFLLLCGEINGWGPAETCVFSAM,Leu,104
a0159_Leu_AFH75328.1_A1_BGC0000398_orfamide_Leu,LWHLFDAMAWEPFLLVGGDVNNYGPTEATVVATS,Leu,104
a0683_Leu_CAE02631.1_A3_BGC0000433_surfactin_Leu,LWHAFDASIWEPFLLVGGDINNYGPTENTVVATS,Leu,104
a0049_Leu_AAU22002.1_A2_BGC0000381_lichenysin_Leu,TNASFDAFMFDGMILFGGELHMYGPSESTVFTTY,Leu,104
b0336_Leu_AAF00961.1_A1_BGC0001017_microcystin_LR_Leu,LWHAFDAAVWEPFLLTGGDINNYGPTENSVVTTS,Leu,104
a0663_Leu_CAA06324.1_A3_not_in_mibig_lichenysin_Leu,LWHAFDASVWEPFLLTGGDVNNYGPTENTVVATS,Leu,104
a0433_Leu_AGM14934.1_A2_BGC0000463_xantholysin_Leu,LWHAFDAMAWEPFLLIGGDVNNYGPTEATVVATS,Leu,104
a0357_Leu_AHZ34233.1_A5_BGC0000323_cichofactins_Leu,LWHAFDATAWEPFLLIGGDVNNYGPTEATVVASS,Leu,104
a0290_Leu_AFH75321.1_A4_BGC0000425_sessilin_NOTE:no_epimerase_d,HWQTFDASVWETQFFSGGEVNLYGPTEATIDSTS,Leu,104
b0231_Leu_AGN74885.1_A2_BGC0000459_griseoviridin_NOTE:final_pro,ERHSWDAFNMELLLWTGGDLNGYGPTETTVYATR,Leu,104
a0123_Leu_simA_not_in_genbank_A10_BGC0000334_cyclosporin_NOTE:p,SAIAFDLSIGEAFMLLAGEVNGWGPAETCVFSSL,Leu,104
a0218_Leu_BAC67536.1_A1_BGC0000305_arthrofactin_Leu,LWHLFDAMAWEPFLLIGGDINNYGPTEATVVATS,Leu,104
b0487_Leu_ANQ43348.1_A3_BGC0001347_poaeamide_b_Leu,LWHAFDALAWEPFLLIGGDINNYGPTEATVVATS,Leu,104
a0575_Leu_BAC67535.1_A2_BGC0000305_arthrofactin_Leu,LWHAFDAMAWEPFLLIGGDINNYGPTEATVVATS,Leu,104
a0211_Leu_AEA30274.1_A2_BGC0000429_skyllamycin_NOTE:final_produ,FSCSFDASVLEMLIVVGGDVNAYGPTEATVAVTM,Leu,104
b0453_Leu_AGE25480.1_A2_BGC0001208_poaeamide_Leu,LWHAFDAMAWEPFLLIGGDVNNYGPTEATVVATS,Leu,104
a0184_Leu_CDG17980.1_A4_BGC0000464_xenoamicins_Leu,LTQAFDACIWEMLLLVGGELNAYGPTEITVCATL,Leu,104
a0491_Leu_CAD92852.1_A2_not_in_mibig_gramicidin_Leu,LWHAFDASVWEPFLLTGGDVNQYGPTENTVVATA,Leu,104
a0315_Leu_YP_631961.1_A2_BGC0000393_myxoprincomide_Leu,LGTSFDVSSVEGLLMVGGETNAYGPTECSTMVTR,Leu,104
a0419_Leu_CAD92851.1_A4_not_in_mibig_gramicidin_Leu,LWHAFDASVWEPFLLTGGDANQYGPTENAVVATA,Leu,104
b0084_Leu_AHB38497.1_A4_BGC0000346_epoxomicin_Leu,LGYAFDLAQLESHALFGGAANLYGPTEATILATA,Leu,104
a0050_Leu_AAU22002.1_A3_BGC0000381_lichenysin_Leu,LWHAFDASVWEPFLLTGGDVNNYGPTENTVVATS,Leu,104
b0489_Leu_ANQ43349.1_A1_BGC0001347_poaeamide_b_Leu,LWHAFDAMAWEPFLLIGGDINNYGPTEATVVATA,Leu,104
a0426_Leu_AGM14933.1_A3_BGC0000463_xantholysin_Leu,LWHAFDAMAWEPFLLVGGDVNNYGPTETTVVATS,Leu,104
a0642_Ser_AFZ61526.1_A2_BGC0000462_WLIP_Ser,RWMTFDVSVWEWHFMCSGEHNLYGPTEAAVDVTA,Ser,82
a0217_Ser_AAA92015.1_A1_not_in_mibig_enterobactin_Ser,RWMTFDVSVWEWHFFCSGEHNLYGPTEAAVDVSW,Ser,82
a0801_Ser_chaP_not_in_genbank_A2_BGC0000321_chaetocin_NOTE:prod,YLSLFDACACMSASLLGGELTAYGATETTSMGCI,Ser,82
a0489_Ser_AAY89051.1_A1_BGC0001069_chivosazole_Ser,RWMTFDVSVWEWHFFFSGEHNLYGPTEAAVDVSF,Ser,82
b0244_Ser_AFJ23826.1_A2_BGC0000462_WLIP_Ser,RWTTFDVSVWEWHFLCSGEHNLYGPTEAAVDVSA,Ser,82
a0092_Ser_AAX31558.1_A6_BGC0000336_daptomycin_Ser,RWMTFDVSVWEWHFICSGEHNLYGPTEAAVDVTH,Ser,82
a0238_Ser_AAO23334.1_A2_BGC0000397_nostocyclopeptide_Ser,RWMTFDVSVWEWHFICSGEHNLYGPTEAAIDVTF,Ser,82
b0375_Ser_ABL74940.1_A1_BGC0001048_tallysomycin_Ser,RWMTFDVSLWEWHFVCSGEHNLYGPTEASVDVTA,Ser,82
a0308_Ser_AGM16413.1_A3_BGC0000400_paenibacterin_Ser,RWMTFDVSVWEWHFFASGEINLYGPTEATVDVTY,Ser,82
a0170_Ser_AGC65516.1_A2_BGC0001050_thalassospiramide_a_Ser,RWMTFDVSVWEWHFFASGEHNLYGPTEATVDVTW,Ser,82
b0327_Ser_AAO62586.1_A1_BGC0001016_microcystin_Ser,RWMTFDVSVWEWHFICSGEHNLYGPTEAAIDVTF,Ser,82
a0759_Ser_AAO55666.1_A2_not_in_mibig_pyoverdine_Ser,RWMTFDVSVWEWHFMCSGEFNLYGPTEAAIDVTH,Ser,82
a0578_Ser_AAX16327.1_A1_not_in_mibig_pyoverdine_Ser,RWMTFDVSVWEWHFVCSGEYNLYGPTEAAIDVTH,Ser,82
a0305_Ser_AGM16412.1_A5_BGC0000400_paenibacterin_Ser,RWMTFDVSVWEWHFFASGEINLYGPTEATVDVTY,Ser,82
a0340_Ser_EFE73313.1_A1_BGC0000431_stenothricin_Ser,RWMTFDVSVWEWHFVCSGEHNLYGPTEASVDVTA,Ser,82
a0650_Ser_CAE11248.1_A1_BGC0001090_bacillomycin_Ser,RWMTFDVSVWEWHFFASGEINLYGPTEATIDVSY,Ser,82
a0030_Ser_AAX16360.1_A3_not_in_mibig_pyoverdine_Ser,RWMTFDVSVWEWHFVCSGEYNLYGPTEAAIDVTH,Ser,82
a0219_Ser_BAC67536.1_A2_BGC0000305_arthrofactin_Ser,RWMTFDVSVWEWHFMCSGEHNLYGPTEAAVDVTA,Ser,82
a0609_Ser_CP001614.2_A2_BGC0000451_turnerbactin_Ser,RWMTFDVSVWEWHFFCSGEHNLYGPTEAAVDVTY,Ser,82
a0325_Ser_EFE73312.1_A3_BGC0000431_stenothricin_Ser,RWMTFDVSVWEWHFVCSGEHNLYGPTEASVDVTA,Ser,82
b0396_Ser_ACG60776.1_A1_BGC0001058_zorbamycin_Ser,RWMTFDVSLWEWHFLCSGEHNLYGPTEASIDVTA,Ser,82
b0290_Ser_BAP05597.1_A1_BGC0000967_calyculin_Ser,RWMTFDVSGWEWHFFCSGEHNLYGPTEAAIDVSY,Ser,82
b0242_Ser_AFJ23825.1_A4_BGC0000462_WLIP_Ser,RWTTFDVSVWEWHFLCSGEHNLYGPTEAAVDVSA,Ser,82
a0299_Ser_CDF96614.1_A1_BGC0001149_brabantamide_Ser,RWATFDVSVWELHFLCSGEHNLYGPTEAAIDVTA,Ser,82
b0513_Ser_RAT94090.1_A1_BGC0001469_marthiapeptide_a_Ser,NWMTFDVSVFEWHFFASGESNLYGPTEATIHVSY,Ser,82
b0236_Ser_AGN74895.1_A1_BGC0000459_griseoviridin_Ser,RWATFDVSVWEWHFLASGEHNLYGPTEAAIDVTH,Ser,82
a0559_Ser_AF047828.1_A2_BGC0000437_syringomycin_Ser,RWATFDVSVWELHFLCSGEHNLYGPTEAAIDVTA,Ser,82
a0369_Ser_AAM78457.1_A10_not_in_mibig_peptaibols_Ser,NALSFDVSVGEQYLLLAGEINAWGPAETCVYNTL,Ser,82
a0448_Ser_AHF21228.1_A4_BGC0000449_tridecaptin_Ser,RWMTFDVSVWEWHFFASGEINLYGPTEATVDVSY,Ser,82
a0176_Ser_AAO55667.1_A2_not_in_mibig_pyoverdine_Ser,RWMTFDVSVWEWHFVCSGEYNLYGPTEAAIDVTH,Ser,82
a0256_Ser_CCJ67636.1_A3_BGC0000447_tolaasin_NOTE:final_epimeriz,RCMTFDVSVWEWHFMCSGEFNHYGPTEAAVEVTA,Ser,82
b0334_Ser_AAF00960.1_A1_BGC0001017_microcystin_LR_Ser,RWMTFDVSVWEWHFFCSGEHNLYGPTEAAIDVTY,Ser,82
a0041_Ser_AAX16297.1_A1_not_in_mibig_pyoverdine_Ser,RWMTFDVSVWEWHFVCSGEYNLYGPTEAAIDVTH,Ser,82
b0163_Ser_ABA23460.1_A1_BGC0000427_shinorine_Ser,RWMTFDVSVWEWHFICSGEHNLYGPTEAAIDVTF,Ser,82
b0455_Ser_AGE25480.1_A4_BGC0001208_poaeamide_Ser,LNNSFDASTMDAFVLCGGEVHCYGPTETTTYATT,Ser,82
a0259_Ser_CCJ67637.1_A3_BGC0000447_tolaasin_NOTE:final_epimeriz,RWMTFDVSVWEWHFMCSGEFNLYGPTEAAVDVTA,Ser,82
a0640_Ser_AFZ61525.1_A4_BGC0000462_WLIP_Ser,RWMTFDVSVWEWHFMCSGEYNLYGPTEAAVDVTA,Ser,82
a0319_Ser_YP_631961.1_A6_BGC0000393_myxoprincomide_Ser,RWMTFDVSVWEWHFVCSGEHNLYGPTEAAVDVTY,Ser,82
a0069_Ser_AAO72425.1_A6_BGC0000438_syringopeptin_Ser,RWATFDVSVWELHFLCSGEHNLYGPTEAAIDVTA,Ser,82
a0164_Ser_AFH75329.1_A4_BGC0000398_orfamide_Ser,RWMTFDVSVWEWHFMCSGEHNLYGPTEAAVDVTA,Ser,82
a0767_Ser_AAG02359.1_A1_BGC0000963_bleomycin_Ser,RWMTFDVSMWEWHFVCSGEYNLYGPTEAAVDVTA,Ser,82
b0488_Ser_ANQ43348.1_A4_BGC0001347_poaeamide_b_Ser,RWMTFDVSVWEWHFICSGEYNLYGPTEAAVDVTA,Ser,82
a0283_Ser_AFH75320.1_A3_BGC0000425_sessilin_NOTE:no_epimerase_d,RWMTFDVSVWEWHFMCSGEFNLYGPTEAAVDVTA,Ser,82
b0466_Ser_EWM63002.1_A1_BGC0001328_rakicidin_Ser,RWMTFDVSVWEWHFICSGEHNLYGPTEAAIDVTA,Ser,82
a0591_Ser_AAF15891.2_A2_BGC0001028_nostopeptolide_Ser,RWMTFDVSVWEWHFICSGEHNLYGPTEAAIDVTY,Ser,82
b0286_Ser_BAP05589.1_A1_BGC0000967_calyculin_Ser,RWMTFDVSGWEWHFFCSGEHNLYGPTEAAIDVSY,Ser,82
a0153_Ser_CCA29203.1_A1_BGC0000955_althiomycin_Ser,RWMTFDVSVWEWHFFCSGEHNLYGPTEASIDVLH,Ser,82
a0685_Ser_AAP92491.1_A2_BGC0000458_viomycin_Ser,YTLSFDVSVREWHFMTSGERNMYGPTETTVEMTD,Ser,82
a0344_Ser_CBG75492.1_A2_BGC0000423_scabichelin_Ser,RWMTFDVSVWEWHFLSSGEHNLYGPTEAAVDVTY,Ser,82
b0473_Ser_WP_019032755.1_A2_BGC0001331_BE-43547A1_Ser,RWMTFDVSVWEWHFLCSGEHNLYGPTEAAVDVTA,Ser,82
a0229_Ser_CAB38518.1_A1_BGC0000315_calcium_dependent_antibiotic,RWMTFDVSVWEWHFFCSGEHNLYGPTEAAVDVTY,Ser,82
b0414_Ser_CCA89328.1_A1_BGC0001111_rhizopodins_Ser,RWMTFDVSVWEWHFFTSGEHNLYGPTEAAVDVTF,Ser,82
b0463_Ser_WP_030498974.1_A1_BGC0001327_rakicidin_Ser,RWMTFDVSVWEWHFICSGEHNLYGPTEAAIDVTA,Ser,82
a0450_Ser_AHF21228.1_A6_BGC0000449_tridecaptin_Ser,RWMTFDVSVWEWHFFASGEINLYGPTEATVDVSY,Ser,82
b0451_Ser_AGE25479.1_A4_BGC0001208_poaeamide_Ser,RWMTFDVSVWEWHFMCSGEYNLYGPTEAAVDVTA,Ser,82
a0314_Ser_YP_631961.1_A1_BGC0000393_myxoprincomide_Ser,RWMTFDVSVWEWHFVCSGEHNLYGPTEAAVDVTY,Ser,82
a0428_Ser_AGM14933.1_A5_BGC0000463_xantholysin_Ser,RWMTFDVSVWEWHFLCSGEHNLYGPTEAAVDVSA,Ser,82
a0129_Ser_AGC65514.1_A2_not_in_mibig_thalassospiramide_b_Ser,RWMTFDVSVWEWHFFASGEHNLYGPTEATVDVTW,Ser,82
a0586_Ser_BAB69700.1_A2_BGC0001098_iturin_Ser,RWMTFDVSVWEWHFFASGEINLYGPTEATIDVSY,Ser,82
a0648_Ser_AAN07014.1_A1_not_in_mibig_bacillomycin_Ser,RWMTFDVSVWEWHFFASGEINLYGPTEATIDVSY,Ser,82
a0317_Ser_YP_631961.1_A4_BGC0000393_myxoprincomide_Ser,RWMTFDVSVWEWHFVCSGEHNLYGPTEAAVDVTY,Ser,82
a0684_Ser_AAP92491.1_A1_BGC0000458_viomycin_Ser,YGMTFDVSVYELHMFVSGEVNLYGATEVSVDSTW,Ser,82
b0288_Ser_BAP05591.1_A1_BGC0000967_calyculin_Ser,RWMTFDVSVWELHFFTSGEHNLYGPTEAAVDVTY,Ser,82
a0737_Ser_AAN42148.1_A1_not_in_mibig_enterobactin_Ser,RWMTFDVSVWEWHFFCSGEHNLYGPTEAAVDVSW,Ser,82
b0195_Ser_AED90002.1_A1_BGC0000443_thanamycin_Ser,RWATFDVSVWELHFLCSGEHNLYGPTEAAIDVTA,Ser,82
a0577_Ser_BAC67535.1_A4_BGC0000305_arthrofactin_Ser,RWMTFDVSVWEWHFMCSGEHNLYGPTEAAVDVTA,Ser,82
a0279_Ser_BAP16699.1_A1_BGC0000376_jbir-34_jbir-35_Ser,LGTHFDMSVWEGNQTLGGEVNLYGITETTVHSTW,Ser,82
a0348_Ser_EWS95122.1_A1_BGC0000306_arylomycin_Ser,RWMTFDVAGWEWHFMCSGEHNLYGPTEAAIDVTA,Ser,82
b0491_Ser_ANQ43349.1_A3_BGC0001347_poaeamide_b_Ser,RWMTFDVSVWEWHFMCSGEYNLYGPTEAAVDVTA,Ser,82
a0558_Ser_AF047828.1_A1_BGC0000437_syringomycin_Ser,RWATFDLSVWELHFLCSGEHNLYGPTEAAIDVTA,Ser,82
a0167_Ser_AFH75330.1_A3_BGC0000398_orfamide_Ser,RWMTFDVSVWEWHFMCSGEHNLYGPTEAAVDVTA,Ser,82
b0265_Ser_CAQ18831.1_A1_BGC0000954_ajudazol_Ser,RDVTHDLSVYDGNSLLAGDISLGGPTETTVWDIC,Ser,82
a0470_Ser_CBJ79915.1_A3_BGC0001133_taxlllaid_NOTE:identical_to_,RWMTFDVSVWEAHFFCSGEINLYGPTEAAIEVTY,Ser,82
b0079_Ser_AHB38515.1_A1_BGC0000345_Ser,LNDHFDVSVWEGSQIFAGEVNMYGITEVTVHTTF,Ser,82
a0043_Ser_AAX16297.1_A3_not_in_mibig_pyoverdine_Ser,RWMTFDVSVWEWHFVCSGEYNLYGPTEAAIDVTH,Ser,82
b0469_Ser_WP_053065269.1_A2_BGC0001330_BE-43547A1_Ser,RWMTFDVSVWEWHFLCSGEHNLYGPTEAAVDVTA,Ser,82
a0772_Ser_CAD29797.1_A1_BGC0001015_microcystin_Ser,RWMTFDVSVWECHFICSGEHNLYGPTEAAIDVTY,Ser,82
a0244_Ser_BAH31686.1_A2_BGC0000371_heterobactin_Ser,RWATFDVSVPEWHFNCSGEDNLYGPTEAAVDVSW,Ser,82
a0045_Ser_AAX16361.1_A1_not_in_mibig____pyoverdine_Ser,RWMTFDVSVWEWHFVCSGEYNLYGPTEAAIDVTH,Ser,82
a0635_Ser_BAA83992.1_A1_not_in_mibig_microcystin_Ser,RWMTFDVSVWEWHFFCSGEHNLYGPTEAAIDVTY,Ser,82
a0581_Ser_AAF08797.1_A1_BGC0001103_mycosubtilin_Ser,RWMTFDVSVWEWHFFASGEINLYGPTEATIDVSY,Ser,82
b0300_Ser_CAJ76292.1_A1_BGC0000972_colibactin_Ser,RWMTFDVSVWEWHFFSSGEINLYGPTEAAIDVSH,Ser,82
a0147_Val_CBJ90082.1_A1_BGC0001132_xenotetrapeptide_Val,LNNAFDASTFETWLIIGGDLNGYGPTEGTTFTTT,Val,77
a0291_Val_AFH75321.1_A5_BGC0000425_sessilin_NOTE:no_epimerase_d,LWHAFDAMAWEPFLLVGGDVNNYGPTEATVVATS,Val,77
b0398_Val_ACG60778.1_A1_BGC0001058_zorbamycin_Val,LDPSFDASTFEAWLLAGGDVNGYGPTENTTFTCL,Val,77
a0386_Val_AIW82282.1_A1_BGC0001125_puwainaphycins_Val,LATAFDASTFEGWLLAGGDINGYGPTENTTFTCC,Val,77
a0285_Val_AFH75320.1_A5_BGC0000425_sessilin_NOTE:no_epimerase_d,LNNSFDASTLDAWMIVGGDLNGYGPTEATTFSTT,Val,77
a0117_Val_simA_not_in_genbank_A4_BGC0000334_cyclosporin_NOTE:pr,SDGSFDAAVAEWIIILGGEMSAWGPTEMCVIGSA,Val,77
a0497_Val_BAH43766.1_A4_BGC0000452_tyrocidine_Val,LHTGFDAMTFEGWLIVGGEWNGYGPTENTTFSTC,Val,77
a0417_Val_CAD92851.1_A2_not_in_mibig_gramicidin_Val,LNTSFDAATFEGWLLVGGDINGYGPTENTTFTCC,Val,77
a0528_Val_BAA06146.1_A2_not_in_mibig_gramicidin_Val,LNTGFDALTFEGWLIVGGDWNGYGPTENTTFSTC,Val,77
a0744_Val_CAD70194.1_A1_BGC0001047_syringolin_a_Val,LGTAFDASTFEGWLLTGGDTICYGPTEGTVFTTA,Val,77
a0083_Val_AAA03914.1_A3_not_in_mibig_penicillin_Val,LALSFDFSIEQLSGTAAGEYNAYGITETTVYNIV,Val,77
a0289_Val_AFH75321.1_A3_BGC0000425_sessilin_NOTE:no_epimerase_d,LNNSFDASTLDAWMIVGGDLNGYGPTEATTFSTT,Val,77
a0158_Val_CBJ90288.1_A1_BGC0000416_rhabdopeptides_Val,LAQAFDAAILEMVLLLAGEFNVYGPTECTSIITC,Val,77
a0401_Val_WP_010369428.1_A1_BGC0000314_bromoalterochromides_NOT,LDTSFDAATFETWLLTGGEINAYGPTESTTFTTF,Val,77
a0122_Val_simA_not_in_genbank_A9_BGC0000334_cyclosporin_NOTE:pr,SAIAFDLSIGEGYLLFAGELNGWGPAETCCFSTL,Val,77
a0532_Val_CAA43838.1_A2_not_in_mibig_gramicidin_Val,LNTGFDALTFEGWLIVGGDWNGYGPTENTTFSTC,Val,77
a0226_Val_AAY29580.1_A2_not_in_mibig_bt_peptide_Val,TNNSFDGSTFDSFMVFGGEVNGYGPTETTVFATT,Val,77
b0499_Val_ARU08073.1_A2_BGC0001448_malacidin_Val,LHRSFDAATYEVWLWTGGDVDGYGPTETTTFATC,Val,77
a0681_Val_CAE02631.1_A1_BGC0000433_surfactin_Val,L-HGFDAGTFEGWLIIGGDWNGYGPTENTTFSTS,Val,77
b0419_Val_ABQ96384.2_A2_BGC0001152_fusaricidin_Val,LETGFDASTFEGWLLVGGDINCYGPTENTTFSTT,Val,77
a0465_Val_WP_069322367.1_A1_not_in_mibig_surfactin_Val,L-NGFDAGTFEGWLIIGGDWNGYGPTENTTFSTS,Val,77
a0055_Val_CAD92850.1_A4_not_in_mibig_gramicidin_Val,LETSFDAATFEGWLLVGGDINGYGPTENTTFTCC,Val,77
a0168_Val_AFH75330.1_A4_BGC0000398_orfamide_Val,LNNSFDASTLDGFLLCGGEVNGYGPTETTTFAVT,Val,77
a0022_Val_AAA63415.1_A3_not_in_mibig_penicillin_Val,LALSFDFSVEQLSGTAAGEYNAYGVTETTVYNII,Val,77
a0306_Val_AGM16413.1_A1_BGC0000400_paenibacterin_Val,L-ASFDAATFEGWLLVGGDVNGYGPTENTTFTCC,Val,77
b0240_Val_AFJ23825.1_A2_BGC0000462_WLIP_Val,LNNSFDASTLEAWLMIGGDLNGYGPTEATTFSTT,Val,77
b0391_Val_CCM44337.1_A2_BGC0001056_zeamine_Val,LEVAFDASTLEGFIISGGEINGYGPTENTTFTTS,Val,77
a0445_Val_AHF21228.1_A1_BGC0000449_tridecaptin_Val,LNTGFDASTFEGWLLVGGDINGYGPTENTTFSTT,Val,77
a0162_Val_AFH75329.1_A2_BGC0000398_orfamide_Val,LNNSFDASTLDGFLLCGGEVNGYGPTETTTFAVT,Val,77
a0183_Val_CDG17980.1_A3_BGC0000464_xenoamicins_Val,LNSAFDASTWEAWLLVGGDINGYGPTETTTFAAT,Val,77
a0537_Val_ADG27359.1_A3_BGC0000296_actinomycin_Val,L--SFDASTYEVWLWTGGEVDGYGPTETTTFATH,Val,77
a0236_Val_WP_057667184.1_A2_BGC0000296_actinomycin_Val,L--SFDASTYEVFLWTGGEVDVYGPTETTTFATH,Val,77
a0327_Val_EFE73312.1_A5_BGC0000431_stenothricin_Val,LAAHFDFSVWEGNQIFGGEVNMYAPTETTVVCTA,Val,77
a0488_Val_CAB13715.1_A2_BGC0000407_plipastatin_Val,LNSSFDVGSFEGWLIIGGEWNGYGPTENTTFSTC,Val,77
a0258_Val_CCJ67637.1_A2_BGC0000447_tolaasin_NOTE:final_epimeriz,LNNSFDASTLDAWMIVGGDLNGYGPTEATTFSTT,Val,77
a0156_Val_CBJ90289.1_A1_BGC0000416_rhabdopeptides_Val,LAQAFDAAILEMVLLLAGEFNVYGPTECTSIITC,Val,77
b0053_Val_EDY47118.1_A3_BGC0000319_cephamycin_c_Val,FTLAFDFSVEQLSGLVAGELNAYGTTETAVYNTV,Val,77
b0111_Val_AEH41794.1_A2_BGC0000374_hormaomycin_Val,LDRSFDGSTYEIFLWTGGEVHVYGPTETTTFAMY,Val,77
a0005_Val_AAO72424.1_A3_BGC0000438_syringopeptin_Val,LNNSFDASTLDAWMIVGGDLNGYGPTEATTFSAT,Val,77
b0506_Val_ARU08075.1_A1_BGC0001448_malacidin_Val,IGIAFDATTFEGWLLAGGDINGYGPTETTTFAAT,Val,77
a0638_Val_AFZ61525.1_A2_BGC0000462_WLIP_Val,LNNSFDASTLDAWMIVGGDLNGYGPTEATTFSTT,Val,77
a0318_Val_YP_631961.1_A5_BGC0000393_myxoprincomide_Val,LSEAFDGSVMELHFNVVGDTNGYGPTENSIISTS,Val,77
a0261_Val_CCJ67638.1_A2_BGC0000447_tolaasin_NOTE:final_epimeriz,LNNSFDASTLDAWMIVGGDLNGYGPTEATTFSTT,Val,77
a0064_Val_AAO72425.1_A1_BGC0000438_syringopeptin_Val,LNNSFDASTLDAWMIVGGDLNGYGPTEATTFSTT,Val,77
b0058_Val_ABD14712.1_A2_BGC0000320_cereulide_Val,LNTGFDAATFEGWVLIGGDINGYGPTENTTFSTS,Val,77
a0227_Val_AAY29580.1_A3_not_in_mibig_bt_peptide_Val,TNNSFDGSTFDSFMVFGGEVNGYGPTETTVFATT,Val,77
a0004_Val_AAO72424.1_A2_BGC0000438_syringopeptin_Val,LNNSFDASTLDAWMIVGGDLNGYGPTEATTFSAT,Val,77
a0039_Val_BAA08846.1_A3_not_in_mibig_cephalosporin_Val,FGLSFDFSVEQLSGLVAGEYNAYGTTETTVYNLV,Val,77
a0150_Val_CBJ90082.1_A4_BGC0001132_xenotetrapeptide_Val,LNNAFDASTFDAWLIVGGDLNGYGPSEGTTFTTT,Val,77
a0311_Val_AGM16414.1_A1_BGC0000400_paenibacterin_Val,L-ASFDAATFEGWLLVGGDVNGYGPTENTTFTCC,Val,77
a0425_Val_AGM14933.1_A2_BGC0000463_xantholysin_Val,LNNSFDASTLEAWLMVGGDLNGYGPTEATTFSTT,Val,77
a0262_Val_CCJ67638.1_A3_BGC0000447_tolaasin_NOTE:final_epimeriz,LNNSFDASTLDAWMIVGGDLNGYGPTEATTFSTT,Val,77
a0363_Val_AAM78457.1_A4_not_in_mibig_peptaibols_Val,SAMAFDMSVGEPFFLIGGEINGWGPVETCVCSSW,Val,77
a0146_Val_AAK1902.1_A3_not_in_mibig_penicillin_Val,LSLSFDFSLEQLSGTAAGENNAYGITETSVYNIV,Val,77
a0265_Val_CCJ67639.1_A3_BGC0000447_tolaasin_NOTE:final_epimeriz,LNNSFDASTLDAWMIVGGDLNGYGPTEATTFSTT,Val,77
a0661_Val_CAA06324.1_A1_not_in_mibig_lichenysin_Val,LNAGFDASTFEGWLIIGGDWNGYGPTENTTFSTC,Val,77
a0149_Val_CBJ90082.1_A3_BGC0001132_xenotetrapeptide_Val,LNNAFDASTFDAWLIVGGDLNGYGPSEGTTFTTT,Val,77
a0010_Val_AAF99707.2_A3_BGC0000438_syringopeptin_Val,LNNSFDASTLDAWMIVGGDLNGYGPTEATTFSAT,Val,77
a0013_Val_AEC14349.1_A1_BGC0000377_koranimine_Val,LNSSFDAATFEGFFVVGGDINGYGPTECTTFAIC,Val,77
a0130_Val_AGC65514.1_A3_not_in_mibig_thalassospiramide_b_Val,LGAGFDASTFEAFMMIGGDLNGYGPTESTTFAVV,Val,77
a0338_Val_AGZ15460.1_A1_BGC0001036_polyoxypeptin_NOH-Val,RWGSFDASMPEAFFEVAAEYNLYGPTEATVEVTA,Val,77
a0355_Val_AHZ34233.1_A3_BGC0000323_cichofactins_Val,LNNSFDASTMEGFLMSGGEVNGYGPTETTTFATT,Val,77
a0429_Val_AGM14933.1_A6_BGC0000463_xantholysin_Val,LNNSFDASTLEAWLMVGGDLNGYGPTEATTFSTT,Val,77
a0416_Val_CAD92851.1_A1_not_in_mibig_gramicidin_Val,LKTSFDAATFEGWLLVGGDINGYGPTENTTFTCC,Val,77
a0441_Val_CAA40561.1_A3_not_in_mibig_penicillin_Val,FQLAFDFSVEQLSGLVAGELNAYGTTETTVYNTV,Val,77
a0011_Val_AAF99707.2_A4_BGC0000438_syringopeptin_Val,LDNSFDASTLDAWLIVGGDLNGYGPTEATTFSTT,Val,77
b0023_Val_ACZ55943.1_A1_BGC0000302_anabaenopeptin_Val,FEVSWDALTLEPWLLIGGEINGYGPSECTVFTCC,Val,77
a0598_Val_CAA82227.1_A4_not_in_mibig_cyclosporin_Val,LNSSFDASSWEAMLFAAGDFNAYGPTENTILSTI,Val,77
a0603_Val_CAA82227.1_A9_not_in_mibig_cyclosporin_Val,LNSSFDASSWEAMLFAAGDYNAYGPTENTVLSTI,Val,77
a0128_Val_AGC65514.1_A1_not_in_mibig_thalassospiramide_b_Val,LNNAFDAATLEAWLLSGGEINGYGPTENTTFTCI,Val,77
a0702_Val_CAD92849.1_A1_BGC0000367_gramicidin_Val,FWYSFDGSALDTYLITGGDYNGYGPTECTIMVTM,Val,77
a0721_Val_ADL64235.1_A1_BGC0000308_aureusimine_Val,L-QGFDAATFEGWLLIGGEINGYGPTENTTFTTT,Val,77
a0292_Val_AFH75321.1_A6_BGC0000425_sessilin_Val,LNNSFDASTLEAWMIVGGDLNGYGPTEATTFSTT,Val,77
a0725_Val_AAT12283.1_A1_BGC0000384_lyngbyatoxin_Val,FDRSFDISNYEVFLWIGGEVNGYGPTETTTYVTL,Val,77
a0455_Val_AHF21229.1_A1_BGC0000449_tridecaptin_Val,LNTGFDASTFEGWLLVGGDINGYGPTENTTFSTT,Val,77
a0302_Val_AGM16412.1_A2_BGC0000400_paenibacterin_Val,LDASFDAATFEGWLLVGGDINGYGPTENTTFTCC,Val,77
a0169_Val_AGC65516.1_A1_BGC0001050_thalassospiramide_a_Val,LGGAFDAICLEAWVITGGELNGYGPTENGTFTTT,Val,77
b0239_Thr_AFJ23825.1_A1_BGC0000462_WLIP_aThr,LATHFDFSVWEGNQIFGGEVNMYGITETTVHVTY,Thr,73
a0223_Thr_CAA67248.1_A1_BGC0000952_pristinamycin_aThr|Thr,LSTHFDFSVWEGNQVFGGEVNMYGITETTVHVTH,Thr,73
a0483_Thr_AEF33078.1_A1_BGC0001039_pyridomycin_Thr,LQTHFDFSVWEGNQVFGGEVNMYGITETTVHVTY,Thr,73
b0107_Thr_AEH41793.1_A2_BGC0000374_hormaomycin_Thr,LATHFDFSVWEGNQIFGGEVNMYGITETTVHVTQ,Thr,73
a0477_Thr_AHZ20784.1_A1_BGC0000369_hassallidins_NOTE:final_nmet,LATHFDFSVWEGNQIFGGEVNMYGITETTVHVTY,Thr,73
a0392_Thr_AIW82285.1_A1_BGC0001125_puwainaphycins_Thr,LATHFDFSVWEGNQIFGGEVNMYGITETTVHVTF,Thr,73
b0083_Thr_AHB38497.1_A3_BGC0000346_epoxomicin_Thr,LNDHFDFSVWECNQIFGGEVNMYGITETTVHSTV,Thr,73
b0228_Thr_AGN74876.1_A1_BGC0000459_griseoviridin_Thr,LTAHFDFSVWEGSQVLGGEINMYGITETTVHVTH,Thr,73
b0428_Thr_AEZ51517.1_A1_BGC0001153_polymyxin_Thr,LNDHFDFSVWEGNQIFGGEINMYGITETTVHVTY,Thr,73
b0536_Thr_ATJ34005.1_A1_BGC0001442_actinonin_Thr,LGCHFDFSVWEGNQIFGGEHNMYGITETTVFVTA,Thr,73
a0727_Thr_AAD50521.1_A1_BGC0000437_syringomycin_Thr,LSTHFDFSVWEGPCGARWRINMYGITEATVHTTF,Thr,73
a0796_Thr_BAH22763.1_A1_BGC0001018_micropeptin_Thr,LATHFDFSVWEGNQIFGGEVNMYGITETTVHVTY,Thr,73
a0035_Thr_AAZ23075.1_A4_BGC0000291_A54145_Thr,LACHFDFSVWEGSQVFGGEVNMYGITETTVHVTH,Thr,73
a0459_Thr_AEC14346.1_A1_BGC0000377_koranimine_Thr,LGCHFDFSVWEGNCIFGGEINMYGITETTVHVTY,Thr,73
a0216_Thr_AAO55665.1_A2_not_in_mibig_pyoverdine_Thr,LATHFDFSVWEGNQIFGGEINMYGITETTVHVTY,Thr,73
a0471_Thr_CBJ79916.1_A1_BGC0001133_taxlllaid_Thr,LITHFDFSVWEGNQIFGGDVNMYGITETTVHVTY,Thr,73
a0574_Thr_BAC67535.1_A1_BGC0000305_arthrofactin_Thr,LATHFDFSVWEGNQIFGGEVNMYGITETTVHVTY,Thr,73
a0651_Thr_CAE11248.1_A2_BGC0001090_bacillomycin_Thr,LNNHFDFSVWEGNQIFGGEINMYGITETTVHVTY,Thr,73
a0758_Thr_AAO55666.1_A1_not_in_mibig_pyoverdine_Thr,LATHFDFSVWEGNQIFGGEINMYGITETTVHVTY,Thr,73
b0446_Thr_ABS75232.1_A2_BGC0001185_bacillibactin_Thr,LSTHFDFSVWEGNQIFGGEVNMYGITETTVHVSY,Thr,73
a0324_Thr_EFE73312.1_A2_BGC0000431_stenothricin_Thr,LGTHFDFSVWEGNQVFGGEVNMYGITETTVHVSY,Thr,73
a0649_Thr_AAN07014.1_A2_not_in_mibig_bacillomycin_Thr,LNNHFDFSVWEGNQIFGGEINMYGITETTVHVTY,Thr,73
a0197_Thr_AHH53506.1_A4_BGC0000439_taromycin_Thr,LAAHFDFSVWEGNQIFGGEVNMYGITETTVHVTF,Thr,73
b0460_Thr_WP_028678149.1_A1_BGC0001228_retimycin_Thr,RRLT-DGSVDGAYSVCRGEHNLYGLIEAGAGITT,Thr,73
a0473_Thr_AHZ20773.1_A1_BGC0000369_hassallidins_Thr,LNTHFDFSVWEGNQILGGEINMYGITETTVHVTY,Thr,73
b0476_Thr_AOA33122.1_A1_BGC0001346_bananamides_Thr,LATHFDFSVWEGNQIFGGEVNMYGITETTVHVTY,Thr,73
a0077_Thr_CAA84361.1_A2_BGC0000407_plipastatin_Thr,LHQHFDFSVWEGNQIFGGEINMYGITETTVHVTF,Thr,73
a0658_Thr_AAO64403.1_A1_not_in_mibig_nodularin_Thr,LATHFDFSVWEGNQIFGGEVNMYGITETTVHVTY,Thr,73
a0273_Thr_CAB55600.1_A2_BGC0000365_glycopeptidolipid_Thr,LTLHFDYSVWEGSQVFGGEINMYGITETTVHASF,Thr,73
a0230_Thr_CAB38518.1_A2_BGC0000315_calcium_dependent_antibiotic,LATHFDFSVWEGNQVFGGEVNMYGITETTVHVSH,Thr,73
a0267_Thr_CCJ67640.1_A2_BGC0000447_tolaasin_NOTE:final_epimeriz,LATHFDFSVWEGNQIFGGEVNMYGITETTVHVTY,Thr,73
a0326_Thr_EFE73312.1_A4_BGC0000431_stenothricin_Thr,LGTHFDFSVWEGNQVFGGEVNMYGITETTVHVSY,Thr,73
a0177_Thr_AGN11881.1_A1_BGC0001114_thailanstatin_Thr,LRTHFDFSVWEGNQVFGGEINMYGITETTVHVTY,Thr,73
a0513_Thr_AAC82550.1_A2_BGC0000351_exochelin_Thr,LGTHFDFSVWEGNQIFGGEVNMYGITETCVHVSH,Thr,73
a0653_Thr_AAD56240.1_A2_not_in_mibig_catecholic_siderophore_aTh,LATHFDFSVWEGNQIFGGEINMYGITETTVHVSY,Thr,73
a0389_Thr_AIW82284.1_A1_BGC0001125_puwainaphycins_dh-Thr,LATHFDFSVWEGNQVFGGEVNMYGITETTVHVTY,Thr,73
a0178_Thr_AIC32693.1_A1_BGC0001113_spliceostatin_FR901464_Thr,LRTHFDFSVWEGNQVFGGEINMYGITETTVHVTH,Thr,73
b0448_Thr_AGE25479.1_A1_BGC0001208_poaeamide_Thr,LATHFDFSVWEGNQIFGGEVNMYGITETTVHVTY,Thr,73
a0735_Thr_CAB53322.1_A2_BGC0000325_coelichelin_aThr,LNTHFDFAVWEGNQIFGGEVNMYGITETTVHVTH,Thr,73
a0637_Thr_AFZ61525.1_A1_BGC0000462_WLIP_aThr,LATHFDFSVWEGNQIFGGEVNMYGITETTVHVTY,Thr,73
b0421_Thr_ABQ96384.2_A4_BGC0001152_fusaricidin_aThr,LNDHFDFSVWEGNQIFGGEINMYGITETTVHVTY,Thr,73
b0430_Thr_AEZ51520.1_A2_BGC0001153_polymyxin_Thr,LNDHFDFSVWEGNQIFGGEINMYGITETTVHVTY,Thr,73
a0125_Thr_AHZ20774.1_A1_BGC0000369_hassallidins_Thr,LSTHFDFSVWEGNQIFGGEVNMYGITETTVHVTY,Thr,73
a0359_Thr_AEI70245.1_A2_BGC0000401_paenibactin_Thr,LSTHFDFSVWEGNQVFGGEINMYGITETTVHVSY,Thr,73
a0400_Thr_WP_010369425.1_A1_BGC0000314_bromoalterochromides_Thr,LATHFDFSVWEGNQIFGGDVNMYGITETTVHVTY,Thr,73
b0484_Thr_ANQ43348.1_A1_BGC0001347_poaeamide_b_Thr,LATHFDFSVWEGNQIFGGEVNMYGITETTVHVTY,Thr,73
b0373_Thr_ABL74939.1_A1_BGC0001048_tallysomycin_Thr,LACTFDFSVWEGGQVLGGEVNMYGITETCVHVTV,Thr,73
b0203_Thr_AED90004.1_A1_BGC0000443_thanamycin_Thr,LSTHFDFSVWEGSQVFGGEINMYGITEATVHTTF,Thr,73
a0202_Thr_AEA30272.1_A1_BGC0000429_skyllamycin_Thr,LATHFDFSVWEGNQVFGGEVNMYGITETTVHVSH,Thr,73
a0669_Thr_AAB60198.1_A1_not_in_mibig_pyoverdine_Thr,LATHFDFSVWEGNQIFGGEVNMYGITETTVHVTY,Thr,73
a0266_Thr_CCJ67640.1_A1_BGC0000447_tolaasin_NOTE:final_2-3‐di,LATHFDFSVWEGNQIFGGEVNMYGITETTVHVTY,Thr,73
a0610_Thr_CAC01604.1_A3_not_in_mibig_anabaenopeptilide_Thr,LATHFDFSVWEGNQIFGGEVNMYGITETTVHVTY,Thr,73
a0476_Thr_AHZ20781.1_A2_BGC0000369_hassallidins_Thr,LATHFDFSVWEGNQIFGGEINMYGITETTVHVTY,Thr,73
a0161_Thr_AFH75329.1_A1_BGC0000398_orfamide_Thr,LATHFDFSVWEGNQIFGGEVNMYGITETTVHVTY,Thr,73
b0200_Thr_AED90003.1_A1_BGC0000443_thanamycin_Thr,LNNHFDFSVWEGNQIFGGEVNMYGITETCVHVTY,Thr,73
a0303_Thr_AGM16412.1_A3_BGC0000400_paenibacterin_Thr,LNSHFDFSVWEGNQIFGGEINMYGITETTVHVTY,Thr,73
a0186_Thr_CDG17980.1_A6_BGC0000464_xenoamicins_Thr,LATHFDFSVWEGNQIFGGEVNMYGITEITVHATY,Thr,73
a0475_Thr_AHZ20781.1_A1_BGC0000369_hassallidins_Thr,LSTHFDFSVWEGNQIFGGEVNMYGITETTVHVTY,Thr,73
a0670_Thr_AAB60198.1_A2_not_in_mibig_pyoverdine_Thr,LATHFDFSVWEGNQIFGGEVNMYGITETTVHVTY,Thr,73
a0068_Thr_AAO72425.1_A5_BGC0000438_syringopeptin_aThr,LATHFDFSVWEGNQIFGGEVNMYGITETTVHVTY,Thr,73
a0254_Thr_CCJ67636.1_A1_BGC0000447_tolaasin_NOTE:final_2-3‐di,LATHFDFSVWEGNQIFGGEVNMYGITETTVHVTY,Thr,73
a0775_Thr_AAG00566.1_A1_BGC0000945_vibriobactin_Thr,VQTTHDMSVFDAVSAQGGDISLGGPTETTIWSIW,Thr,73
a0235_Thr_WP_057667184.1_A1_BGC0000296_actinomycin_aThr|Thr,LATHFDFSVWEGNQVFGGEVNMYGITETTVHVTH,Thr,73
a0697_Thr_YP_702283.1_A1_BGC0000417_rhodochelin_Thr,LVSHFDFSVWEGNQVFGGEVNMYGITETTVHVTA,Thr,73
a0029_Thr_AAX16360.1_A2_not_in_mibig_pyoverdine_aThr,LATHFDFSVWEGNQVFGGEVNMYGITETTVHVTY,Thr,73
b0418_Thr_ABQ96384.2_A1_BGC0001152_fusaricidin_Thr,LNDHFDFSVWEGNQIFGGEINMYGITETTVHVTY,Thr,73
b0390_Thr_CCM44337.1_A1_BGC0001056_zeamine_Thr,LASHFDFSVWEGNQIMGGEINMYGITETTVHVTW,Thr,73
a0733_Thr_CAA09819.1_A2_not_in_mibig_fengycin_Thr,LHQHFDFSVWEGNQIFGGEINMYGITETTVHVTY,Thr,73
a0387_Thr_AIW82283.1_A1_BGC0001125_puwainaphycins_dh-Thr,LATHFDFSVWEGNQVFGGEVNMYGITETTVHVTY,Thr,73
a0027_Thr_AAG02358.1_A1_BGC0000963_bleomycin_Thr,LACTFDFSVWEGSQVLGGEVNMYGITENTIHVTV,Thr,73
a0464_Thr_YP_116977.1_A1_BGC0001027_nocobactin_Thr,TAVSFDASVYDGNCTLGGDSGLGGATETSIHNTI,Thr,73
a0294_Thr_AFH75322.1_A2_BGC0000425_sessilin_NOTE:no_epimerase_d,LATHFDFSVWEGNQIFGGEVNMYGITETTVHVTY,Thr,73
a0723_Thr_CAG29031.1_A1_BGC0001023_myxochromides_Thr,LTTHFDFSVWEGNQIFGGEINMYGITETTVHVTY,Thr,73
a0605_Ala_CAA82227.1_A11_not_in_mibig_cyclosporin_Ala,LDSTFDVSLFEAIFYVAGDYNAYGPTENAILSTI,Ala,63
a0173_Ala_ABB80392.1_A2_not_in_mibig_cephabacin_Ala,RWMTFDVSVWEWHFICSGEHNLYGPTEAAIEATA,Ala,63
a0040_Ala_AAK57184.1_A1_BGC0001022_myxalamid_Ala,FWATFDLSVFETNTNLAGEFNLYGPSETTTYSTF,Ala,63
a0052_Ala_CAD92850.1_A1_not_in_mibig_gramicidin_Ala,IALTFDVSVAEGNFFAAGEENIYGPTESTIYATK,Ala,63
a0003_Ala_AAO72424.1_A1_BGC0000438_syringopeptin_Ala,FWATFDLAVYEANTNVAGECNLYGPSETTTYSSW,Ala,63
a0172_Ala_ABB80392.1_A1_not_in_mibig_cephabacin_Ala,RWMTADAALWEWHFICSGEHRLYGPAETAMDATA,Ala,63
a0203_Ala_AEA30272.1_A2_BGC0000429_skyllamycin_Ala,LWATFDVSVFEASAVLAGEANFYGPTEATVYATA,Ala,63
a0367_Ala_AAM78457.1_A8_not_in_mibig_peptaibols_Ala,SSLSFDIILFESVLVVAGEANGWGPTECSVIACL,Ala,63
a0012_Ala_AAF99707.2_A5_BGC0000438_syringopeptin_Ala,FWATFDLAVYEANTNVAGECNLYGPSETTTYSSW,Ala,63
a0787_Ala_AAK76230.1_A1_not_in_mibig_D-alanine_poly_phosphoribi,FWMPFDLSVMYPTSYFDGEINAYGPTEATVALSA,Ala,63
a0193_Ala_AHH53507.1_A6_BGC0000439_taromycin_Ala,LWATFDVSVFEASAVFAGEFNLYGPTETTVYCTG,Ala,63
b0341_Ala_CAG29032.1_A1_BGC0001023_myxochromide_Ala,LWYCFDVSVMDPFLITGGDMNIYGPAETTVASTA,Ala,63
a0190_Ala_AHH53507.1_A3_BGC0000439_taromycin_Ala,LWATFDVSVFEGSAVLAGEANVYGPTEATVYAAR,Ala,63
a0063_Ala_AAS98786.1_A1_BGC0001001_jamaicamide_Ala,LWATFDLSVFEVNTNLAGEYNLYGPSEYTTYTTF,Ala,63
a0773_Ala_CAD29797.1_A2_BGC0001015_microcystin_Ala,LWATFDLSVFELNTNLAGEYNLYGPSEDTSYSTF,Ala,63
b0302_Ala_CAJ76298.1_A1_BGC0000972_colibactin_Ala,LG-CFDVSVFESWFTVGGETNGYGPTENTIFTTA,Ala,63
a0322_Ala_YP_631961.1_A9_BGC0000393_myxoprincomide_Ala,LGMAFDGT-VEMDCFCGGEFNVYGPTESTVCATS,Ala,63
a0412_Ala_BAO84861.1_A1_BGC0000414_quinocarcin_Ala,LWATFDLSVFEANTNLAGENNLYGPTEDTTYSTH,Ala,63
a0700_Ala_AAC44128.1_A1_not_in_mibig_saframycin_Ala,NVIPDMGLIGGTGGFCGAEYPCYGLAEGTLIVTG,Ala,63
a0547_Ala_AAC05774.1_A1_not_in_mibig_lipoteichoic_acid_Ala,FWMPFDLSVMYPDIYFDGEVNAYGPTEATVALSA,Ala,63
b0232_Ala_AGN74885.1_A3_BGC0000459_griseoviridin_Ala,LWATFDVSVFECSTLYAGELNVYGPTEATVYATR,Ala,63
a0708_Ala_AAN85530.1_A1_BGC0001101_leinamycin_NOTE:discrete_ado,FASYFDLSMFECTSVFCGEDNLYGPTELTIACTA,Ala,63
b0292_Ala_CAJ46691.1_A1_BGC0000969_chondramide_Ala,MWSTFDLSVFELNTNLAGEYNLYGPSEATTYSTS,Ala,63
b0335_Ala_AAF00960.1_A2_BGC0001017_microcystin_LR_Ala,LWSTFDLSVFELNTNLAGEYNLYGPSEDTTYSTF,Ala,63
a0480_Ala_AGZ03651.1_A1_BGC0000426_sevadicin_Ala,TQLTFDVSVTEGNFFSAGEENLYGPTESTIYATQ,Ala,63
a0133_Ala_CDG17982.1_A1_BGC0000464_xenoamicins_Ala,LWATFDLSVYEVNTNLAGECNLYGPSETTTYSTW,Ala,63
a0674_Ala_CAA51561.1_A1_not_in_mibig_lipoteichoic_acid_Ala,FWIAFDLSVMDPTSMFCGEFNTYGPTEATVAVTS,Ala,63
a0511_Ala_AAN00653.1_A1_not_in_mibig_lipoteichoic_acid_Ala,FWMPFDLSVMYPTSYFDGEVNAYGPTEATVALSA,Ala,63
a0485_Ala_AAA25234.1_A1_not_in_mibig_D-alanyl-lipoteichoic_acid,YWNPFDLSVMDPVSLFCGEYNTYGPTEATVAVTG,Ala,63
a0391_Ala_AIW82284.1_A3_BGC0001125_puwainaphycins_Ala,LWATFDLSIFEVNTNLAGEFNLYGPSETTTYSTF,Ala,63
a0349_Ala_EWS95122.1_A2_BGC0000306_arylomycin_Ala,FWATFDVSVFEASGVLAGEANLYGPTESTVYASG,Ala,63
a0089_Ala_AAX31558.1_A3_BGC0000336_daptomycin_Ala,FWATFDVSVVEASGALAGEANFYGPTEATVYATA,Ala,63
b0461_Ala_WP_028678149.1_A2_BGC0001228_retimycin_Ala,LAMAFDIAVLELQAISTGETNLYGPTEATVYSSA,Ala,63
a0007_Ala_AAO72424.1_A5_BGC0000438_syringopeptin_Ala,FWATFDLAVYEANTNVAGECNLYGPSETTTYSSW,Ala,63
b0025_Ala_1579_ACZ55944.1_A2_BGC0000302_anabaenopeptin_NOTE:fin,FWATFDLSIFEVNTNLAGEYNLYGPSEDTTYSTF,Ala,63
a0070_Ala_AAO72425.1_A7_BGC0000438_syringopeptin_Ala,FWATFDLAVYEANTNVAGECNLYGPSETTTYSSW,Ala,63
a0066_Ala_AAO72425.1_A3_BGC0000438_syringopeptin_Ala,FWATFDLAVYEANTNVAGECNLYGPSETTTYSSW,Ala,63
a0182_Ala_CDG17980.1_A2_BGC0000464_xenoamicins_Ala,FWATFDISVFEANTNLAGECNLYGPSETTIYSTW,Ala,63
a0072_Ala_AAO72425.1_A9_BGC0000438_syringopeptin_Ala,FWATFDLAVYEANTNVAGECNLYGPSETTTYSSW,Ala,63
a0023_Ala_BAB94679.1_A1_not_in_mibig_lipoteichoic_acid_Ala,FWMAFDLSVMAPVSFFCGEYNTYGPTEATVAVTS,Ala,63
a0065_Ala_AAO72425.1_A2_BGC0000438_syringopeptin_Ala,FWATFDLAVYEANTNVAGECNLYGPSETTTYSSW,Ala,63
a0250_Ala_AFR69334.1_A1_BGC0001045_spiruchostatin_NOTE:final_pr,LGASFDTSTFEGWLLAGGDINGYGPTENTTFTST,Ala,63
a0595_Ala_CAA82227.1_A1_not_in_mibig_cyclosporin_Ala,LGTAFDLSTWETFLYAIGDYNAYGPTENSVVSTI,Ala,63
b0289_Ala_BAP05596.1_A1_BGC0000967_calyculin_Ala,TFLTFDVSLSEGNFMVAGEENIYGPTEASIYGSY,Ala,63
a0024_Ala_BAB57094.1_A1_not_in_mibig_lipoteichoic_acid_Ala,FWMAFDLSVMAPVSFFCGEYNTYGPTEATVAVTS,Ala,63
a0636_Ala_BAA83992.1_A2_not_in_mibig_microcystin_Ala,LWSTFDLSVFELNTNFAGEYNLYGPSEDTTYSTF,Ala,63
b0343_Ala_CAG29032.1_A3_BGC0001023_myxochromide_Ala,VMQSFDVSVWEMVLLSAGEVNAYGPTEVTIICTL,Ala,63
b0055_Ala_ABD14711.1_A2_BGC0000320_cereulide_Ala,LDLTFDVSVAEGNFIVAGEENLYGPTEGTIYATG,Ala,63
a0106_Ala_AGQ43600.1_A3_BGC0001166_HC-toxin_Note:final_epimeriz,GCHSFDLSILEAFLGFIGEVNSYGPTEACVLVTA,Ala,63
b0274_Ala_AAG02356.1_A1_BGC0000963_bleomycin_Ala,FWATFDLSVFEANTNLAGERNLYGPSEATTYATA,Ala,63
b0372_Ala_ABL74937.1_A1_BGC0001048_tallysomycin_Ala,FWVTFDLSVFEGNTNLAGERNLYGPSEATTYATA,Ala,63
b0423_Ala_ABQ96384.2_A6_BGC0001152_fusaricidin_NOTE:final_epime,TQLTFDFSVPECNLFACGEENIYGPTEAAVYATR,Ala,63
a0378_Ala_CAB39315.1_A1_not_in_mibig_ergot_peptide_alkaloid_Ala,CSSAFDLSLFEAFLCLGGEISGYNPAECCPLGIS,Ala,63
a0362_Ala_AAM78457.1_A3_not_in_mibig_peptaibols_Ala,SDISFDVSVGELFLVLAGEVNGWGPAETCVLSAI,Ala,63
a0457_Ala_AHF21229.1_A3_BGC0000449_tridecaptin_Ala,LNTCFDVSTFEGWLLVGGDINGYGPTENTTFSTT,Ala,63
a0274_Ala_CAB55600.1_A3_BGC0000365_glycopeptidolipid_Ala,LALHFDVSVWEGCQIVAGEINAYGPTEATIYAAM,Ala,63
b0328_Ala_AAO62586.1_A2_BGC0001016_microcystin_Ala,LWATFDLSVFEVNTNLAGEYNLYGPSEDTTYSTF,Ala,63
a0054_Ala_CAD92850.1_A3_not_in_mibig_gramicidin_Ala,FWATFDLSVYEVNTNLAGEFNLYGPSEDTTYSTY,Ala,63
a0335_Ala_AGZ15458.1_A2_BGC0001036_polyoxypeptin_NOTE:has_epime,RWGTFDVSVPEADFEVAGEHNLYGPTEAAVEVTA,Ala,63
a0358_Ala_AEI70245.1_A1_BGC0000401_paenibactin_Ala,LSMTFDISVLELQAITGGEHNQYGPTETTIYSTA,Ala,63
a0124_Ala_simA_not_in_genbank_A11_BGC0000334_cyclosporin_NOTE:p,SGQSFDGSLGETMLILGGEFNGYGPAEACNYCTT,Ala,63
a0139_Ala_AAA33023.2_A3_BGC0000370_HC-toxin_NOTE:final_epimeriz,GCHSFDLSILEAFLGFIGEVNSYGPTEACVLVTA,Ala,63
a0140_Ala_A45086_A3_not_in_mibig_HC-toxin_Ala,GCHSFDLSILEAFLGFIGEVNSYGPTEACVLVTA,Ala,63
b0472_Gly_WP_019032755.1_A1_BGC0001331_BE-43547A1_Gly,FSMTFDISVLELQALCGGEWNMYGPTETTVWSAV,Gly,60
b0235_Gly_AGN74892.1_A1_BGC0000459_griseoviridin_Gly,TAFTFDISVLELQALCGGEWNVYGPTEATIWSTA,Gly,60
a0329_Gly_AHB82071.1_A1_BGC0001019_microsclerodermins_Gly,FSMTFDIAGLELQALCGGEWNLYGPTETTIWSSA,Gly,60
b0535_Gly_EWM63005.1_A1_BGC0001328_rakicidin_Gly,FAMTFDIAGLELQALAGGEWNMYGPTETTIWSAV,Gly,60
b0407_Gly_AGS06887.1_A1_BGC0001092_diaphorin_Gly,FSMTFDIAYLELQALCGGEWNMFGPTETTIWSII,Gly,60
a0652_Gly_AAD56240.1_A1_not_in_mibig_catecholic_siderophore_Gly,FSMTFDISALELQALVGGETNLYGPTETTIWSAA,Gly,60
a0644_Gly_AIR74926.1_A1_BGC0000974_crocacin_Gly,FSMTFDIAGLELQGLCGGEWNMYGPTETTIWSAA,Gly,60
b0471_Gly_WP_019032753.1_A1_BGC0001331_BE-43547A1_Gly,FSMTFDISMLELQALCGGEWNMYGPTETTIWSAV,Gly,60
a0028_Gly_AAX16360.1_A1_not_in_mibig_pyoverdine_Gly,FSITFDIFGLEVQALCGGEWNLYGPTETTIWSAR,Gly,60
b0287_Gly_BAP05590.1_A1_BGC0000967_calyculin_Gly,FSMTFDMSVLDLQGICGGEWHTYGPTETTVWSSV,Gly,60
a0342_Gly_EFE73313.1_A3_BGC0000431_stenothricin_Gly,FAMTFDIHVLELQALVGGETNLYGPTEATVWATT,Gly,60
a0094_Gly_EWS95124.1_A1_BGC0000306_arylomycin_Gly,LDFTFDISNLELQALVGGETNVYGPTETTIWSTA,Gly,60
b0445_Gly_ABS75232.1_A1_BGC0001185_bacillibactin_Gly,FSMTFDISGLELQALVGGETNLYGPTETTIWSAA,Gly,60
a0151_Gly_CCA29202.1_A1_BGC0000955_althiomycin_Gly,IDITFDISTLEMQALCGGEWNVYGPTETTVWSTT,Gly,60
a0361_Gly_AAM78457.1_A2_not_in_mibig_peptaibols_Gly,SAISFDISVGEAMLVFVGEINGWGPAETCVLSTI,Gly,60
b0230_Gly_AGN74885.1_A1_BGC0000459_griseoviridin_NOTE:final_pro,HDMTFDIAALELQALTGGEINLYGPTETTIWSTA,Gly,60
a0120_Gly_simA_not_in_genbank_A7_BGC0000334_cyclosporin_NOTE:pr,GAQSCNISMIECMEIMSGEINGYGSAETCGISHT,Gly,60
a0601_Gly_CAA82227.1_A7_not_in_mibig_cyclosporin_Gly|NMe-Gly,LNSSFDISVQETMFFNVGDYNAYGPTENGMQSTM,Gly,60
a0536_Gly_ADG27359.1_A2_BGC0000296_actinomycin_Gly,FAMTFDIAALEHQGLVGGEVNLYGPTETTIWSTA,Gly,60
b0468_Gly_WP_053065269.1_A1_BGC0001330_BE-43547A1_Gly,FSMTFDISVLELQALCGGEWNMYGPTETTVWSAV,Gly,60
a0331_Gly_AHB82071.1_A3_BGC0001019_microsclerodermins_Gly,FSMTFDIAGLELQALCGGEWNLYGPTETTIWSTI,Gly,60
b0504_Gly_ARU08074.1_A4_BGC0001448_malacidin_Gly,FSMTFDIAVLELQALVGGETNLYGPTETTVWSGA,Gly,60
a0210_Gly_AEA30274.1_A1_BGC0000429_skyllamycin_NOTE:final_alpha,LDMTFDISALEVQALVGGETNVYGPTETTVWSTT,Gly,60
a0703_Gly_CAD92849.1_A2_BGC0000367_gramicidin_Gly,VGMTFDISVAEGNFLACGEENIYGPTEATIYASR,Gly,60
a0036_Gly_AAZ23075.1_A5_BGC0000291_A54145_NOTE:end_product_is_S,LDMTFDIAALELQALVGGEVNVYGPTETTIWSTA,Gly,60
a0549_Gly_AAZ23077.1_A3_BGC0000291_A54145_Gly,FDMTFDIAVLEAQALVGGELNLYGPTETTVWSTV,Gly,60
b0521_Gly_AVV61987.1_A1_BGC0001477_lydicamycin_Gly,LHFTFDISALELQALCGGERNVYGPTETTIWSTA,Gly,60
a0205_Gly_AEA30272.1_A4_BGC0000429_skyllamycin_NOTE:final_produ,FDMTFDIAALEVQALVGGERNMYGPTETTVWSTT,Gly,60
b0412_Gly_ADA82585.1_A1_BGC0001110_psymberin_Gly,FSMTFDISGLELQAFCGGEWNLYGPTETTIWSTV,Gly,60
a0127_Gly_AHZ20774.1_A3_BGC0000369_hassallidins_Gly,FSFTFDIAGLELQALCGGEWNVYGPTETTIWSAM,Gly,60
b0470_Gly_WP_053065270.1_A1_BGC0001330_BE-43547A1_Gly,FSMTFDISMLELQALCGGEWNMYGPTETTIWSAV,Gly,60
a0752_Gly_AAF17280.1_A2_BGC0001028_nostopeptolide_Gly,FSMTFDIAALELQALCGGEWNLYGPTETTIWSSI,Gly,60
a0198_Gly_AHH53506.1_A5_BGC0000439_taromycin_Gly,FDMTFDIAGLEGQALVGGETNLYGPTETTIWSTV,Gly,60
a0493_Gly_CAD92852.1_A4_not_in_mibig_gramicidin_Gly,FWATFDLSVYEANTNLCGEFNLYGPTEDTVYSTH,Gly,60
a0332_Gly_AHB82072.1_A1_BGC0001019_microsclerodermins_Gly,FAMTFDIAGLELQAFCGGEWNLYGPTETTIWSTV,Gly,60
b0266_Gly_CAQ18839.1_A1_BGC0000954_ajudazol_NOTE:final_product_,FSMTFDIAGLELQALCGGEWNMYGPTETTIWSMV,Gly,60
b0067_Gly_CAJ96468.1_A1_BGC0000330_cupriachelin_Gly,FAMTFDIAGLELQALCGGECNVYGPTETTVWSAA,Gly,60
b0408_Gly_ADD82940.1_A1_BGC0001099_kalimantacin_Gly,FSMTFDIAGLELQALCGGEWNLYGPTETTIWSTV,Gly,60
b0205_Gly_CAJ34374.1_A2_BGC0000445_thiocoraline_Gly,FSMTFDIAALELQALTGGEINLYGPTETTVWSTL,Gly,60
a0447_Gly_AHF21228.1_A3_BGC0000449_tridecaptin_Gly,FGMTFDIFVLELQMMVGGEYNMYGPTETTVWSTV,Gly,60
a0091_Gly_AAX31558.1_A5_BGC0000336_daptomycin_Gly,FDMTFDIAALEVQAVVGGETNMYGPTETTIWSTS,Gly,60
b0385_Gly_ADC79642.1_A1_BGC0001052_tirandamycin_Gly,VHFTFDISALELQAVCGGELNVYGPSETTIWSTS,Gly,60
b0465_Gly_WP_052165466.1_A1_BGC0001327_rakicidin_Gly,FAMTFDIAGLELQALAGGEWNMYGPTETTIWSAV,Gly,60
a0645_Gly_AIR74925.1_A1_BGC0000974_crocacin_Gly,FSMTFDIAGLELQGLCGGEWNMYGPTETTIWSAA,Gly,60
a0155_Gly_CCA29203.1_A3_BGC0000955_althiomycin_Gly,TALTFDIFGLELQMLVGGEVNVYGPTETTIWSTS,Gly,60
a0410_Gly_AEU11006.1_A2_BGC0001029_nostophycin_Gly,FAMTFDIAALELQALCGGEWNLYGPTETTIWSSV,Gly,60
b0320_Gly_CAD89778.1_A1_BGC0001010_melithiazol_Gly,FAMTFDISVLEYQCLVGGELNMYGPTETTIWSSF,Gly,60
a0382_Gly_CAB38517.1_A2_BGC0000315_calcium_dependent_antibiotic,FDMTFDIAGLELQALVGGETNLYGPTEATIWATA,Gly,60
a0192_Gly_AHH53507.1_A5_BGC0000439_taromycin_Gly,FDMTFDIAALELQALVGGETNVYGPTETTIWSTA,Gly,60
a0630_Gly_AAS47564.1_A1_BGC0001108_pederin_Gly,FSMTFDIAGLEVQALCGGEWNLFGPTETTIWSTV,Gly,60
b0403_Gly_ADA69239.2_A1_BGC0001071_Gly,FGMTFDIAALELQALCGGEWNLYGPTETTIWSML,Gly,60
a0051_Gly_AAC44129.1_A1_not_in_mibig_saframycin_mx1_Gly,FTMTFDIAALELQALCGGEWNLYGPTETTVWSCR,Gly,60
a0774_Gly_AAV97877.1_A1_BGC0001105_onnamide_Gly,FSMTFDIAGLELQALCGGEWNLYGPTETTIWSAV,Gly,60
b0532_Gly_CAN89633.1_A1_BGC0001070_kirromycin_Gly,FAMTFDIAGLELQALCGGEWNMYGPTETTIWSSV,Gly,60
a0248_Gly_BAH33409.1_A2_BGC0000371_heterobactin_Gly,FTVTFDIAALECQALVGGERNVYGPTEATVWATS,Gly,60
b0413_Gly_CCA89326.1_A1_BGC0001111_rhizopodins_Gly,LSFTFDIAGLELQALCGGEWNVYGPTETTIWSTV,Gly,60
a0438_Gly_AAX16325.1_A3_not_in_mibig_pyoverdine_Gly,FSMTFDIAGLELQALCGGEWNVYGPTETTIWSSC,Gly,60
b0298_Gly_CAJ76290.1_A1_BGC0000972_colibactin_Gly,LDMTFDISFLELQALAGGEWNLYGPTETTIWSLK,Gly,60
a0411_Gly_CAB38084.1_A1_BGC0001025_myxovirescin_Gly,FCMTFDIAALELQALCGGEWNMFGPTETTIWSTM,Gly,60
b0346_Gly_AAF19815.1_A1_BGC0001024_myxothiazol_Gly,FAMTFDISILEFQCLIGGELNMYGPTETTIWSSF,Gly,60
a0757_Cys_AAN32981.1_A2_BGC0000962_barbamide_Cys,TDISFDLSVYDGNTLLSGDVSLGGATEASIWSVY,Cys,49
b0297_Cys_CAJ76289.1_A1_BGC0000972_colibactin_Cys,TDISFDLSVYDANALLSGDISLGGATECAIWSVY,Cys,49
a0707_Cys_AAA27636.1_A1_not_in_mibig_HMWP2_virulence_factor_Cys,TDISFDLSVYDGNSMLSGDIAMGGATEASIWSNA,Cys,49
b0319_Cys_CAD89775.1_A1_BGC0001010_melithiazol_Cys,TDMSFDLSVYDGNSLMSGDVSLGGATEASIWSIL,Cys,49
b0113_Cys_ADZ24995.1_A1_BGC0000380_leupyrrin_Cys,AETTHDMSIFDGNSFLGGDVSVGGPTETTLWNIW,Cys,49
b0285_Cys_ABC39418.1_A1_BGC0000964_burkholdac_Cys,TDISFDLSVYDGNSLLSGDISLGGATEASIWSVV,Cys,49
a0145_Cys_AAK1902.1_A2_not_in_mibig_penicillin_Cys,LSLSFDHFVEQDSGDCVGEINGYGPTEVSITTSK,Cys,49
a0675_Cys_AAN85522.1_A1_BGC0001101_leinamycin_Cys,LWCTFDLSVFDGNSFLSGDISLGGATEATVWSNW,Cys,49
a0021_Cys_CAA38195.1_A2_not_in_mibig_penicillin_Cys,LSLSFDHFVEQDSGDCVGEINGYGPTEVSITTHK,Cys,49
b0299_Cys_CAJ76290.1_A2_BGC0000972_colibactin_Cys,TDISFDLSVYDANALLSGDISLGGATECAIWSVY,Cys,49
a0799_Cys_AAF19811.1_A1_BGC0001024_myxothiazol_Cys,TDISFDLSVYDGNSMLSGDISLGGATEASIWSII,Cys,49
b0204_Cys_CAJ34374.1_A1_BGC0000445_thiocoraline_Cys,EWMALNASGWEWHVMCSGEHSLYGPVEAMPVVTS,Cys,49
b0516_Cys_RAT94090.1_A4_BGC0001469_marthiapeptide_a_Cys,TDISFDLSVYDGNSLLSGDISLGGATEASIWSIY,Cys,49
a0618_Cys_AAC06346.1_A2_BGC0000310_bacitracin_Cys,TDISFDLSVYDGNSLLSGDISLGGATEGSIWSIY,Cys,49
b0517_Cys_RAT94090.1_A5_BGC0001469_marthiapeptide_a_Cys,TDISFDLSVYDGNSLLSGDISLGGATEASIWSIY,Cys,49
a0154_Cys_CCA29203.1_A2_BGC0000955_althiomycin_Cys,TAVSFDLSVYDGNTMLSGDLSMGGATEGSIWSIW,Cys,49
b0384_Cys_ADH04641.1_A1_BGC0001051_thuggacin_Cys,TDISFDLSVWDGNSLLSGDVSLGGATEASIWSIL,Cys,49
a0002_Cys_AAG02364.1_A2_BGC0000963_bleomycin_Cys,TCVSFDLAVYDGNSLLSGDMSLGGATEASIWSVW,Cys,49
a0739_Cys_AAF62881.1_A1_BGC0000991_epothilone_Cys,TDISFDLSVYDGNSLLSGDISLGGATEASIWSIG,Cys,49
a0440_Cys_CAA40561.1_A2_not_in_mibig_penicillin_Cys,LSLSFDHFVEQDSGDAIGEINGYGPTEISITSHK,Cys,49
b0317_Cys_AAY42398.1_A2_BGC0001000_hectochlorin_Cys,TDISFDLSVYDGNSLLSGDISLGGATEASIWSIY,Cys,49
a0783_Cys_AAC83657.1_A1_BGC0000412_pyochelin_Cys,TDIAFDLSVYDGNSLWSGDVQPGRRTEAAIWSIE,Cys,49
a0251_Cys_AFR69334.1_A2_BGC0001045_spiruchostatin_NOTE:final_pr,TSISFDLSVFDGESMLSGDIALGGATEAAIWSCY,Cys,49
a0152_Cys_CCA29202.1_A2_BGC0000955_althiomycin_Cys,TAISFDLSVYDGNTLLSGDMSLGGATEGSIWSIW,Cys,49
b0515_Cys_RAT94090.1_A3_BGC0001469_marthiapeptide_a_Cys,TDISFDLSVYDGNSLLSGDISLGGATEASIWSIY,Cys,49
a0686_Cys_CAD89774.1_A1_BGC0001010_melithiazol_Cys,TDISFDLSVYDGNSMMSGDISLGGATEGSVWSIL,Cys,49
b0458_Cys_WP_028678148.1_A1_BGC0001228_retimycin_Cys,LWCTFDLSVFDGDSFLSGDVSLGGATEATVWSNY,Cys,49
b0514_Cys_RAT94090.1_A2_BGC0001469_marthiapeptide_a_Cys,TDISFDLSVYDGNSLLSGDISLGGATEASIWSIY,Cys,49
a0213_Cys_CAJ34375.1_A1_BGC0000445_thiocoraline_Cys,LWCTFDLSVFDGNSFFSGDISLGGATEATVWSNF,Cys,49
b0393_Cys_ACG60772.1_A2_BGC0001058_zorbamycin_Cys,TAVSFDLGVYDGNSLLSGDIGMGGATEASIWSVW,Cys,49
b0525_Cys_AGN74898.1_A1_BGC0000459_griseoviridin_Cys,TDISFDLSVYDGNTLLSGDISAGGATEAAIWSIC,Cys,49
b0392_Cys_ACG60772.1_A1_BGC0001058_zorbamycin_Cys,RWAAFVDSVAEALTVTSGEFNLYGSAEVAADATA,Cys,49
a0214_Cys_CAJ34375.1_A2_BGC0000445_thiocoraline_Cys,LDPAFDASTYEVWLWAGGDVNGYGPTETTTFAAR,Cys,49
b0314_Cys_AAY42397.1_A1_BGC0001000_hectochlorin_Cys,TDISFDLSVYDGNSLLSGDVSLGGATEASIWSIY,Cys,49
b0345_Cys_AAF19812.1_A1_BGC0001024_myxothiazol_Cys,TDMSFDLSVYDGNSLMSGDVSLGGATEASIWSIL,Cys,49
a0738_Cys_AAC83656.1_A1_not_in_mibig_dihydroaeruginoic_acid_Cys,TALSFDLSVFDGNSLLSGDHVLGGATEAGIWSNL,Cys,49
b0323_Cys_CAD15508.1_A1_BGC0001014_micacocidin_Cys,TDISFDLSVYDGNSFLSGDIAMGGATEASIWSNW,Cys,49
b0528_Cys_AAG02365.1_A1_BGC0000963_bleomycin_Cys,AEIASPLALYEGHSLLGGEAHLSSATPSGPWTTC,Cys,49
b0324_Cys_CAD15513.1_A1_BGC0001014_micacocidin_Cys,TAVSFDLAIYDGNSMLSGDAALGGATEAAIWSNW,Cys,49
a0082_Cys_AAA03914.1_A2_not_in_mibig_penicillin_Cys,LSLSFDHFVEQDSGDCVGEINGYGPTEISITTHK,Cys,49
a0020_Cys_AAA63415.1_A2_not_in_mibig_penicillin_Cys,LSLSFDHFVEQDSGDCVGEINGYGPTEVSITTHK,Cys,49
b0282_Cys_ABC36785.1_A2_BGC0000964_burkholdac_Cys,TSISFDLSVFDGESMLSGDIALGGATEAAIWSCY,Cys,49
a0776_Cys_AAW03326.1_A1_BGC0000982_cystothiazole_a_Cys,TDISFDLSVYDGNSMMSGDISLGGATEGSVWSIL,Cys,49
b0052_Cys_EDY47118.1_A2_BGC0000319_cephamycin_c_Cys,LSLSFDHFVEQDSGDAIGEINGYGPTEISITSHK,Cys,49
a0689_Cys_AAT70101.1_A1_BGC0001165_curacin_Cys,TDIAFDLSVYDGNSMLSGDMSLGGATEASIWSIG,Cys,49
b0303_Cys_CCC55921.1_A1_BGC0000973_collismycin_Cys,TDISFDLSVFDGNSLLSGDISLGGATEAAVWSIA,Cys,49
a0688_Cys_AAO92378.1_A1_not_in_mibig_anguibactin_Cys,TAISFDLSVYDGNSMLSGDIAMGGATEASIWSNV,Cys,49
b0377_Cys_ABL74945.1_A1_BGC0001048_tallysomycin_Cys,RWWTFVDSVWEGVGVLSGELNLYGSSEASADATA,Cys,49
a0038_Cys_BAA08846.1_A2_not_in_mibig_cephalosporin_Cys,LSLSFDHFVEQDSGDAIGEINGYGPTEISITSHK,Cys,49
a0076_Tyr_CAA84361.1_A1_BGC0000407_plipastatin_Tyr,TWRFFDGCVTSTIITFAGEANEYGPTENSVATTI,Tyr,44
a0171_Tyr_AGC65517.1_A1_BGC0001050_thalassospiramide_a_Tyr,LATAFDASVIQPDLVLGGELNAYGPTECCVGATT,Tyr,44
a0395_Tyr_AGS77307.1_A2_BGC0001178_UK-68_597_Tyr,LAQAFDAVVSEMTVVVAGEVNAYGPTEATVCAAM,Tyr,44
a0538_Tyr_CAE11249.1_A1_BGC0001090_bacillomycin_Tyr,SWKYFDAFILNGSTVVGGENNEYGPTENSVVSTF,Tyr,44
a0780_Tyr_AAM80539.1_A2_BGC0000290_A47934_Tyr,LAQAFDATVSEMTVVVAGEINAYGPTEATVCAAM,Tyr,44
b0295_Tyr_CAQ43084.1_A1_BGC0000970_chondrochloren_Tyr,LSQAFDASASETTIVAAGEVNAYGPTESTIGATF,Tyr,44
a0208_Tyr_AEA30273.1_A3_BGC0000429_skyllamycin_Tyr,F-IAFDAAIWEANIILAGELNAYGPTEATVCVTV,Tyr,44
a0320_Tyr_YP_631961.1_A7_BGC0000393_myxoprincomide_Tyr,MGTAFDGA-LEVDCVCAGEFNAYGPTESTVCATT,Tyr,44
a0611_Tyr_CAC01604.1_A4_not_in_mibig_anabaenopeptilide_Tyr,LAQAFDACISEMTLIVAGEFNAYGPTEGSVCATL,Tyr,44
a0731_Tyr_CAA11795.1_A3_BGC0000455_vancomycin_bOH-Tyr|Tyr,LAHSFDAIVSEMTVLTGGEIQAYGPTETTICSTM,Tyr,44
a0553_Tyr_CAC48361.1_A3_BGC0000311_balhimycin_bOH-Tyr,LAHSFDAIVSEMTVLTGGEIQAYGPTETTICSTM,Tyr,44
a0414_Tyr_BAO84868.1_A1_BGC0000414_quinocarcin_3Me-Tyr,-NAMFDGSMSGWHSSVGGELNDYGPTETTVWASA,Tyr,44
a0080_Tyr_AAK81826.1_A3_BGC0000326_complestatin_Tyr,LAQAFDAAVSEMTVVVAGEINAYGPTETTVCASM,Tyr,44
b0305_Tyr_ABM21571.1_A1_BGC0000975_cryptophyicin_NOTE:final_pro,LAQAFDASVSEITLIVAGEFNGYGPTESTIGAAV,Tyr,44
a0015_Tyr_CAE53350.1_A2_BGC0000440_teicoplanin_Tyr,LAQAFDAMVSEMTVVVAGEVNAYGPTEATVCAAM,Tyr,44
b0356_Tyr_AAF17281.1_A2_BGC0001028_nostopeptolide_Tyr,LWQAFDVSFQETFVITAGEHNHYGPSESHVIITF,Tyr,44
b0263_Tyr_ADY76664.1_A1_BGC0000950_napsamycin_3Me-Tyr,LDRFVDPSTGEAIFYTGGEHPLYGPTEATLAVTY,Tyr,44
a0795_Tyr_AIG79243.1_A2_BGC0000419_ristomycin_A_bOH-Tyr,LAHAFDTIVSEMKATAAGELNAYGPTETTICATV,Tyr,44
b0010_Tyr_CAD91220.1_A2_BGC0000289_A40926_Tyr,LAQAFDAMVSEMTVVVAGEVNAYGPTEATVCAAM,Tyr,44
a0097_Tyr_EWS95124.1_A4_BGC0000306_arylomycin_Tyr,LRQAFDAAFSETTLVTAGDVNAYGPTEATVCATM,Tyr,44
a0542_Tyr_AAN07013.1_A1_not_in_mibig_bacillomycin_Tyr,SWKYFDAFILNGSTVVGGENNEYGPTENSVVSTF,Tyr,44
a0523_Tyr_BAB69699.1_A1_BGC0001098_iturin_Tyr,SWKYFDAFILNGSTVVGGENNEYGPTENSVVSTF,Tyr,44
a0667_Tyr_AID65225.1_A1_BGC0000335_cystomanamides_Tyr,TEQAFDASMSETTLVTAGEINAYGPAECSVCVSM,Tyr,44
a0715_Tyr_AHF20584.1_A3_BGC0000418_ristocetin_bOH-Tyr,LAHSFDAIVSEMTVLTGGEINAYGPTETTICSTM,Tyr,44
a0741_Tyr_CAA11794.1_A2_BGC0000455_vancomycin_bOH-Tyr|Tyr,LAHAFDTIVSEMKAVAAGEINAYGPTETTICATV,Tyr,44
a0607_Tyr_AGC65515.1_A2_not_in_mibig_thalassospiramide_b_Tyr,LSVAFDGSIVQADAVLGGEVNAYGPTECCVSSAQ,Tyr,44
b0420_Tyr_ABQ96384.2_A3_BGC0001152_fusaricidin_Tyr,LVYAFDASVSETTLLTAGSSNGYGPTEDSVCTTI,Tyr,44
a0613_Tyr_AAF08796.1_A1_BGC0001103_mycosubtilin_Tyr,SWKYFDAFILNGSTVVGGENNEYGPTENSVVSTF,Tyr,44
a0474_Tyr_AHZ20773.1_A2_BGC0000369_hassallidins_Tyr,LNQAFDAAVSEMTLIVAGEFNAYGPTEATVCASL,Tyr,44
b0526_Tyr_ADY76674.1_A1_BGC0000950_napsamycin_3Me-Tyr,YEMTFDPGIHDAHSFFGGEENLYGPTEFSIGVCW,Tyr,44
a0017_Tyr_CAC48360.1_A2_BGC0000311_balhimycin_bOH-Tyr,LAHAFDTIVSEMKAVAAGEINAYGPTETTICATM,Tyr,44
a0573_Tyr_AAB80955.2_A3_BGC0001095_fengycin_Tyr,TWRFFDGFLTSTIITLAGEANEYGPTENSVATTA,Tyr,44
a0732_Tyr_CAA09819.1_A1_not_in_mibig_fengycin_Tyr,TWRFFDGCVTSTLITFAGEANEYGPTENSVATTI,Tyr,44
a0743_Tyr_CAC48369.1_A1_BGC0000311_balhimycin_bOH-Tyr|Tyr,LDYAFDAAVAEPTLLVAGEINAYGPTEATVAVTA,Tyr,44
a0496_Tyr_BAH43766.1_A3_BGC0000452_tyrocidine_Tyr,NWKLFDAFVLSTTGTLGGEVNEYGPTESSVVATW,Tyr,44
a0058_Tyr_CAE53352.1_A3_BGC0000440_teicoplanin_Tyr|bOH-Tyr,LAQAFDAAISEMTVIVAGEINGYGPTETTVCATM,Tyr,44
b0021_Tyr_ACZ55942.1_A1_BGC0000302_anabaenopeptin_Tyr,LAQAFDASVSEMTLIVAGEFNAYGPTESTVCATV,Tyr,44
a0793_Tyr_AIG79241.1_A3_BGC0000419_ristomycin_A_bOH-Tyr,LAHSFDAIVSEMTVLTGGEINAYGPTETTICSTM,Tyr,44
b0008_Tyr_CAD91212.1_A3_BGC0000289_A40926_Tyr,LAQAFDAAVSEMTVVVAGEINAYGPTETTVCATM,Tyr,44
a0569_Tyr_CAA84363.1_A3_BGC0000407_plipastatin_Tyr,TWRFFDGFITSTIITLAGEANEYGPTENSVATTV,Tyr,44
a0398_Tyr_AGS77309.1_A2_BGC0001178_UK-68_597_Tyr,LDPAFDASLVEAHLLTGGDRHLYGPTETTLCATW,Tyr,44
a0075_Tyr_AAO72425.1_A12_BGC0000438_syringopeptin_Tyr,L--SFDASSPEGFSECGGEFNGYGPTEATTCATR,Tyr,44
a0627_Tyr_AAM80537.1_A3_BGC0000290_A47934_NOTE:final_beta_hydro,LAQAFDAAISEMTVVVAGEINGYGPTETTVCVTM,Tyr,44
a0713_Tyr_AHF20582.1_A2_BGC0000418_ristocetin_bOH-Tyr,LAHAFDTIVSEMKATAAGELNAYGPTETTICATV,Tyr,44
a0540_Pro_CAE11249.1_A3_BGC0001090_bacillomycin_Pro,LDQAFDVCYQESFFITAGEHNHYGPSETHVVSTY,Pro,43
a0282_Pro_AFH75320.1_A2_BGC0000425_sessilin_NOTE:no_epimerase_d,LWQAFDVAFQESYLITAGEHNHYGPTESHVTTAL,Pro,43
b0262_Pro_ADQ74618.1_A1_BGC0000921_promysalin_Pro,LYQAFDVSVQESFLVSAGEVNHYGPTETHVVTSY,Pro,43
b0114_Pro_ADZ24999.1_A1_BGC0000380_leupyrrin_Pro,LWQTFDVFFQESFVITAGEENQYGPSETHVVTAF,Pro,43
a0678_Pro_CAA55749.1_A1_BGC0000907_lincomycin_4p-Pro,SVMAFDVSVASGLSVFAGDLNIYGPTETNG-CTY,Pro,43
a0544_Pro_AAN07013.1_A3_not_in_mibig_bacillomycin_Pro,LDQAFDVCYQESFFITAGEHNHYGPSETHVVSTY,Pro,43
a0385_Pro_AIW82277.1_A2_BGC0001125_puwainaphycins_Pro,LWQAFDVSFQETFLMTAGEHNQYGPSETHVVTAF,Pro,43
b0209_Pro_CDG76959.1_A1_BGC0000446_tilivalline_Pro,LWQMFDVSVQEGYFYSTGEINLYGPSESHVCSAY,Pro,43
a0339_Pro_AGZ15476.1_A1_BGC0001036_polyoxypeptin_3OH-Leu,L--SFDTFALEVWLWTGGDVTGHGPTETTGFAAG,Pro,43
b0355_Pro_AAF17281.1_A1_BGC0001028_nostopeptolide_Pro,LAQAFDASISEMTLIVAGEFNAYGPTEASVCATI,Pro,43
a0408_Pro_AEU11003.1_A4_BGC0001029_nostophycin_Pro,LWQAFDVSFQESFVITAGENNHYGPSESHVVTTF,Pro,43
b0495_Pro_ATJ34002.1_A1_BGC0001442_actinonin_Pro,LWQTFDVSVQEVFLVVAGDENHYGPTETHVVTAH,Pro,43
b0176_Pro_AHJ31215.1_A2_BGC0000430_spumigin_Pro,LWQAFDVSFQESFVITAGEHNHYGPSESHAVTAF,Pro,43
b0404_Pro_ADA69239.2_A2_BGC0001071_Pro,LWQAFDVSFQESYLIIAGEQNQYGPSETHVITSF,Pro,43
a0535_Pro_ADG27359.1_A1_BGC0000296_actinomycin_Pro,LWHTFDVSAQESFAAQAGEHNHYGPTETHVVTAH,Pro,43
a0592_Pro_AAF15891.2_A3_BGC0001028_nostopeptolide_Pro|4Me-Pro,LWHAFDVSFQETFLITAGEHNHYGPSESHLATSF,Pro,43
a0239_Pro_AAO23334.1_A3_BGC0000397_nostocyclopeptide_Pro|4Me-Pr,LWHAFDVSFQETFLITAGEHNHYGPSESHVATSF,Pro,43
a0207_Pro_AEA30273.1_A2_BGC0000429_skyllamycin_Pro,LWHTFDVSAQESYAAQAGEHNHYGPSETHVVTAH,Pro,43
a0527_Pro_BAA06146.1_A1_not_in_mibig_gramicidin_Pro,LFTTFDVCYQESSFITAGEHNHYGPSETHVVTTY,Pro,43
a0531_Pro_CAA43838.1_A1_not_in_mibig_gramicidin_Pro,LFTTLTCVTKKSSFITAGEHNHYGPSETHVVTTY,Pro,43
b0112_Pro_AEH41794.1_A3_BGC0000374_hormaomycin_4Pe-Pro,LWHAFDVSMQESFASQAGEHNHYGPSETHGATAF,Pro,43
a0009_Pro_AAF99707.2_A2_BGC0000438_syringopeptin_Pro,LWQAFDVAFQESYMITAGEHNHYGPTESHVVTAL,Pro,43
a0300_Pro_CDF96614.1_A2_BGC0001149_brabantamide_Pro,LWQSFDVSFQESFLSVAGEENHYGPTEAHVVTRL,Pro,43
b0234_Pro_AGN74886.1_A1_BGC0000459_griseoviridin_4OH-Pro,LWYSFDPAPLECYTVQAGEHNLYGPTETHVVTAA,Pro,43
b0509_Pro_AEO57481.1_A1_BGC0001449_UCS1025A_3Me-Pro,ASFTFDVSWWGIFACSGGEINIYGPTETMIPNAY,Pro,43
a0405_Pro_AEU11003.1_A1_BGC0001029_nostophycin_Pro,LWQAFDVSFQESFLITAGEHNHYGPSESHVVTTL,Pro,43
a0255_Pro_CCJ67636.1_A2_BGC0000447_tolaasin_NOTE:final_epimeriz,LWQAFDVAFQESFLITAGEHNHYGPTESHVTTAL,Pro,43
a0571_Pro_AAB80955.2_A1_BGC0001095_fengycin_Pro,LFEAFDVCYQESVSITAGEHNHYGPSETHVVSAY,Pro,43
a0181_Pro_CDG17980.1_A1_BGC0000464_xenoamicins_Pro,LWHAFDVAFQETFLITAGEHNHYGPTESHVVTAY,Pro,43
a0059_Pro_CAA67249.1_A1_BGC0000952_pristinamycin_Pro,LWHTFDVAAQEAYAAQAGEHNHYGPAETHVMTGT,Pro,43
a0657_Pro_AGC24265.1_A1_BGC0001038_pyralomicin_Pro,FWAAFDLSVFDAYSVFAGELNWYGPTETNVCTSY,Pro,43
a0567_Pro_CAA84363.1_A1_BGC0000407_plipastatin_Pro,LFEAFDVCYQESFLIAAGEHNHYGPSETHVVSTY,Pro,43
a0310_Pro_AGM16413.1_A5_BGC0000400_paenibacterin_Pro,LYEAFDVCYQESYLITAGEHNHYGPSETHVVTAY,Pro,43
a0616_Pro_AAF08796.1_A4_BGC0001103_mycosubtilin_Pro,LYEAFDVCYQESFLITAGEHNHYGPSETHVVTMC,Pro,43
a0103_Pro_EPE34341.1_A6_BGC0001035_pneumocandin_NOTE:subsequent,SAQSFDNVITDAMLILTGEYNAYGPTEGSMSTCT,Pro,43
a0372_Pro_AAM78457.1_A13_not_in_mibig_peptaibols_Pro,SAYSFDVGVLDVFLCLGGEHGLYGPAEASICAWN,Pro,43
a0084_Pro_AAC45929.1_A1_BGC0000452_tyrocidine_Pro,LFTTFDVCYQESSLITAGEHNHYGPSETHVVTTC,Pro,43
a0135_Pro_CDG17982.1_A3_BGC0000464_xenoamicins_Pro,LWHAFDVAFQETFLITAGEHNHYGPTESHVVTAY,Pro,43
a0646_Pro_CAA72310.1_A1_BGC0001116_virginiamycin_Pro,LWHAFDVAAQESYAAQAGEHNHYGPAETHVMTGI,Pro,43
a0526_Pro_BAB69699.1_A4_BGC0001098_iturin_Pro,LYEAFDVCYQESFLIAAGEHNHYGPSETHVVTMY,Pro,43
a0380_Pro_CAB39315.1_A3_not_in_mibig_ergot_peptide_alkaloid_Pro,AYMSWDIPVTEVLWVFAGEVQGYGPAECSLISTV,Pro,43
b0507_Pro_ARU08075.1_A2_BGC0001448_malacidin_3Me-Pro,LWHTFDVSVQESYAVQGGEHNHYGPSETHAITGY,Pro,43
a0100_Pro_EPE34341.1_A3_BGC0001035_pneumocandin_NOTE:subsequent,STQTFDVSISDASLALTGEYDTYGPSEGSVCTCN,Pro,43
a0390_Asn_AIW82284.1_A2_BGC0001125_puwainaphycins_Asn,YWCSFDATITSSKLVIGGEINEYGPTETVVGCCI,Asn,37
a0494_Asn_BAH43766.1_A1_BGC0000452_tyrocidine_Asn,YWASFDLTVTSTKLIVGGEFNEYGPTETVVGCMI,Asn,37
b0388_Asn_CCM44336.1_A3_BGC0001056_zeamine_Asn,YHAAFDATLTSLKIVIGGEVNEYGPTETTVGCCV,Asn,37
a0699_Asn_ERG36783.1_A2_BGC0000299_alterochromides_Asn,YAISFDLSVTTCKTMLGGEFDEYGPTEATVGAML,Asn,37
a0328_Asn_AHB82069.1_A1_BGC0001019_microsclerodermins_Asn,YWCAFDATLTSPKLILGGEFNEYGPTEAVVGCAL,Asn,37
b0422_Asn_ABQ96384.2_A5_BGC0001152_fusaricidin_Asn,YWASFDLTMTSTKLIVGGEYNEYGPTETVVGCMI,Asn,37
a0614_Asn_AAF08796.1_A2_BGC0001103_mycosubtilin_Asn,YWASFDLTVTSTKLIVGGECNEYGPTETVVGCML,Asn,37
b0399_Asn_ACG60782.1_A1_BGC0001058_zorbamycin_Asn,YWASFDFTLTAAKLVLGGEFNEYGPTETVVGSTA,Asn,37
b0376_Asn_ABL74940.1_A2_BGC0001048_tallysomycin_Asn,YWAAFDLTVTSAKLVVGGEVNEYGPTETVVGCSV,Asn,37
a0384_Asn_AIW82277.1_A1_BGC0001125_puwainaphycins_Asn,YWCSFDATITSSKLVIGGEINEYGPTETVVGCCI,Asn,37
a0706_Asn_CAE52342.1_A1_BGC0001088_albicidin_Asn,YWASFDLTVTSVKLIVGGEYNEYGPTETVVGCAI,Asn,37
a0585_Asn_BAB69700.1_A1_BGC0001098_iturin_Asn,YWASFDLTITSTKLIVGGDFNEYGPTETVVGCMI,Asn,37
a0402_Asn_WP_010369428.1_A2_BGC0000314_bromoalterochromides_Asn,YAISFDLSATTCKTMLGGEFDEYGPTEATVGAML,Asn,37
a0694_Asn_CAE11250.1_BGC0001090_bacillomycin_Asn,YWASFDLTVTSTKLIVGGEFNEYGPTEAVVGCMI,Asn,37
a0582_Asn_AAF08797.1_A2_BGC0001103_mycosubtilin_Asn,YWASFDLTVTSTKLIVGGDFNEYGPTETVVGCMI,Asn,37
a0566_Asn_AAF08795.1_A1_BGC0001103_mycosubtilin_Asn,YWASFDLTVTSTKLIVGGEFNEYGPTEAVVGCMI,Asn,37
b0397_Asn_ACG60776.1_A2_BGC0001058_zorbamycin_Asn,YWASFDLTVTTAKVVMGGEFNEYGPTETVVGCAV,Asn,37
a0509_Asn_AAC06348.1_A5_BGC0000310_bacitracin_Asn,YWASFDLTVTSTKLIVGGEYNEYGPTETVVGCMI,Asn,37
b0464_Asn_WP_030498977.1_A1_BGC0001327_rakicidin_OH-Asn,RWLAAPAAIWEACFFCGGAHHVLVPRDVAAPVTA,Asn,37
a0018_Asn_CAC48360.1_A3_BGC0000311_balhimycin_Asn,YHCSFDLTVTATKALLGGEVNEYGPTEATVGCVE,Asn,37
a0524_Asn_BAB69699.1_A2_BGC0001098_iturin_Asn,YWASFDLTVTSTKLIVGGECNEYGPTETVVGCMI,Asn,37
a0550_Asn_AAZ23077.1_A4_BGC0000291_A54145_NOTE:final_product_ep,FRSGFDLTVTTTALVVGGEFNDYGPTEATVSCAD,Asn,37
b0370_Asn_ABL74936.1_A1_BGC0001048_tallysomycin_Asn,YWASFDLTLTAAKLVVGGEVNEYGPTETVVGSVA,Asn,37
a0539_Asn_CAE11249.1_A2_BGC0001090_bacillomycin_Asn,YWASFDLTVTSTKLIVGGECNEYGPTETVVGCMI,Asn,37
a0034_Asn_AAZ23075.1_A3_BGC0000291_A54145_NOTE:some_disagreemen,HRSSFDLTVTATKGVLGGEFNDYGPSETSVNCSD,Asn,37
a0664_Asn_AID65222.1_A1_BGC0000335_cystomanamides_Asn,YWATFDMSVTPCKLVLGGEYNEYGPTEITVGCTV,Asn,37
a0383_Asn_CAB38517.1_A3_BGC0000315_calcium_dependent_antibiotic,YVSSFDLTVTGAKAVLGGELNEYGPTETIVGCTT,Asn,37
a0753_Asn_AAF17280.1_A3_BGC0001028_nostopeptolide_Asn,YWASFDATITSLKIVLGGEINEYGPTEAVVGCCV,Asn,37
a0570_Asn_BAB69698.1_A1_BGC0001098_iturin_Asn,YWASFDLTVTSTKLIVGGEFNEYGPTEAVVGCMI,Asn,37
a0693_Asn_AAN07012.1_A1_not_in_mibig_bacillomycin_Asn,YWASFDLTVTSTKLIVGGEFNEYGPTEAVVGCMI,Asn,37
a0665_Asn_AID65224.1_A1_BGC0000335_cystomanamides_Asn,YWATFDLTLTSCKMIAGGEYNEYGPTETTVGCMI,Asn,37
a0742_Asn_CAA11794.1_A3_BGC0000455_vancomycin_Asn,YHCSFDLTITATKALLGGEVNEYGPTEATVGCVE,Asn,37
b0389_Asn_CCM44336.1_A4_BGC0001056_zeamine_Asn,YDASFDATLTSLKIVVGGEYNEYGPTETVVGCCV,Asn,37
a0403_Asn_WP_010369430.1_A1_BGC0000314_bromoalterochromides_NOT,YAISFDLSVTTCKTMLGGEFDEYGPTEATVGAML,Asn,37
a0768_Asn_AAG02359.1_A2_BGC0000963_bleomycin_Asn,YWASFDLTVTAAKIVAGGEVNEYGPTETTVGCCA,Asn,37
a0543_Asn_AAN07013.1_A2_not_in_mibig_bacillomycin_Asn,YWAPFDLTVTSTKLIVGGECNEYGPTETVVGCMI,Asn,37
a0623_Asn_AAG02355.1_A1_BGC0000963_bleomycin_Asn,YWCTFDLTLTTGKLVVGGEVNEYGPSETVVGSVA,Asn,37
b0386_Asp_CCM44336.1_A1_BGC0001056_zeamine_Asp,FWETFDPFLRDLHQLLAGEINLYGPTETTLAKLF,Asp,35
b0501_Asp_ARU08074.1_A2_BGC0001448_malacidin_OH-Asp,YRASFDLTVTASKVVIGGEINAYGPTEATVNCAE,Asp,35
a0682_Asp_CAE02631.1_A2_BGC0000433_surfactin_Asp,YWFSFDLGYTAPKLVLGGEINHYGPTETTIGAIA,Asp,35
a0088_Asp_AAX31558.1_A2_BGC0000336_daptomycin_Asp,YRGSFDLTVTVTGLLVGGEVNAYGPTELTVNCAE,Asp,35
b0505_Asp_ARU08074.1_A5_BGC0001448_malacidin_3Me-Asp,YRASFDLTVTGSKGMLGGEFNVYGATEATVNSVE,Asp,35
b0002_Asp_AAZ23077.1_A2_BGC0000291_A54145_NOTE:final_product_3O,YGATFDLTVTTTKAILGGEVNAYGPTELTVNCTE,Asp,35
a0662_Asp_CAA06324.1_A2_not_in_mibig_lichenysin_Asp,YWFSFDLGYTSPKLVLGGEINHYGPTETTIGAIA,Asp,35
b0498_Asp_ARU08073.1_A1_BGC0001448_malacidin_3Me-Asp,YRASFDLTVTGSKGMLGGEYNVYGATEATVNSVE,Asp,35
a0222_Asp_BAC67536.1_A5_BGC0000305_arthrofactin_Asp,MWGAFDSSVWEWKFLNGGGHNVYGPTETTVDSTG,Asp,35
a0175_Asp_AAO55667.1_A1_not_in_mibig_pyoverdine_Asp,YGVSADLGHTLGKIMLGGEVNHYGPTETTVGILT,Asp,35
a0659_Asp_AAO64403.1_A2_not_in_mibig_nodularin_3Me-Asp,FWEAFDAYLREVHTVLGGEVNIYGASETTFVKHF,Asp,35
b0475_Asp_AOA33121.1_A2_BGC0001346_bananamides_Asp,MWGAFDSSVWEWKFLNGGGHNVYGPTETTVDSTG,Asp,35
a0590_Asp_CAD29798.1_A2_BGC0001015_microcystin_3Me-Asp,FWEAFDPYLREVHTVLGGEVNIYGASETTFIKHF,Asp,35
a0090_Asp_AAX31558.1_A4_BGC0000336_daptomycin_Asp,YRGSFDLTVTVTGLLVGGEVNAYGPTELTVNCAE,Asp,35
b0069_Asp_CAJ96471.1_A1_BGC0000330_cupriachelin_Asp,YAVSADLGNTTAKIILGGEFNHYGPTETTIGVMV,Asp,35
a0761_Asp_BAC67534.2_A2_BGC0000305_arthrofactin_Asp,MWGAFDSSVWEWKFLNGGGHNVYGPTETTVDSTG,Asp,35
a0191_Asp_AHH53507.1_A4_BGC0000439_taromycin_Asp,YRSSFDLTLTVTKVVTGGEINAYGPTELTVNCTE,Asp,35
a0189_Asp_AHH53507.1_A2_BGC0000439_taromycin_Asp,YRSSFDLTVTATKVVLGGEVNAYGPTELTVNCTD,Asp,35
b0502_Asp_ARU08074.1_A3_BGC0001448_malacidin_Asp,YRASFDLTVTASKVVIGGEINAYGPTEATVNCAE,Asp,35
b0202_Asp_AED90003.1_A3_BGC0000443_thanamycin_OH-Asp,FVLNFDMSIKGADSLLGGEYNMYGPTECTVDATI,Asp,35
b0070_Asp_CAJ96472.1_A1_BGC0000330_cupriachelin_Asp,YGVSADLGHTAGKIVFGGEVNHYGPTETTVGCLT,Asp,35
a0204_Asp_AEA30272.1_A3_BGC0000429_skyllamycin_Asp|bMe-Asp,YWSSFDLTVTATKAMLGGEYNGYGPTETTVNCTQ,Asp,35
a0195_Asp_AHH53506.1_A2_BGC0000439_taromycin_Asp,FRSSFDLTVTTGKAMLGGEVNDFGPTETTVHCTV,Asp,35
b0337_Asp_AAF00961.1_A2_BGC0001017_microcystin_LR_Nme-Asp,FWEAFDAYLREVHTVLGGEVNIYGASETTFVKHF,Asp,35
a0696_Asp_AAO62587.1_A2_BGC0001016_microcystin_Asp|NMe-Asp,FWEAFDAYLREVHTVLGGEVNIYGASETTFVKHF,Asp,35
a0196_Asp_AHH53506.1_A3_BGC0000439_taromycin_Asp,YRSSFDLTVTATKVVVGGEVNAYGPTELTVNCTD,Asp,35
a0508_Asp_AAC06348.1_A4_BGC0000310_bacitracin_Asp,YWFSFDLGYTSSKLVLGGEMNHYGPTETTIGSVF,Asp,35
b0197_Asp_AED90002.1_A3_BGC0000443_thanamycin_Asp,FVLNFDMSIKGADSLLGGEYNMYGPTECTVDATI,Asp,35
a0466_Asp_WP_069322367.1_A2_not_in_mibig_surfactin_Asp,YWFSFDLGYTSPKLVLGGEINHYGPTEATIGAIA,Asp,35
a0215_Asp_AAO55665.1_A1_not_in_mibig_pyoverdine_Asp,YGLSADLGHTVGKIIVGGEINHYGPSETTVGVLT,Asp,35
a0565_Asp_AF047828.1_A8_BGC0000437_syringomycin_Asp,FVLNFDMSIKGSDSLLGGEYNMYGPTECTVDATI,Asp,35
a0233_Asp_CAB38518.1_A5_BGC0000315_calcium_dependent_antibiotic,YRASFDLTITATKAILGGEINAYGPTESTVNITD,Asp,35
a0381_Asp_CAB38517.1_A1_BGC0000315_calcium_dependent_antibiotic,YRASFDLTITATKAILGGEINAYGPTESTVNITD,Asp,35
a0692_Asp_BAA83993.1_A2_BGC0001017_microcystin_3Me-Asp,FWEAFDAYLREVHTVLGGEVNIYGASETTFVKHF,Asp,35
a0232_Asp_CAB38518.1_A4_BGC0000315_calcium_dependent_antibiotic,YRASFDLTITATKAILGGEINAYGPTESTVNITD,Asp,35
a0249_Orn_BAH33409.1_A3_BGC0000371_heterobactin_OH-Orn,MNHVFDMS-WEFNVMLGGEYDLYGPTEFTINAMG,Orn,34
a0243_Orn_BAH31686.1_A1_BGC0000371_heterobactin_Fo-OH-Orn,RWQAFDISINELYLWCGGEYHGYGPAEATIGVSH,Orn,34
a0044_Orn_AAX16297.1_A4_not_in_mibig_pyoverdine_OH-Orn,HATMFDGSHEGHVFCFGGDFNGYGPTETVVTPLL,Orn,34
a0504_Orn_AAC06347.1_A2_BGC0000310_bacitracin_Orn,ATWAFDVFAGDRESIMGSDINSYGVTEASVDSGY,Orn,34
a0347_Orn_CBG75492.1_A5_BGC0000423_scabichelin_OH-Orn,LSHWFDAS-WQLEVGVGGEFNLYGPTESTVDALV,Orn,34
a0502_Orn_AAX16296.1_A2_not_in_mibig_pyoverdine_OH-Orn,HATMFDGSHEGHVFCFGGDFNGYGPTETVVTPLL,Orn,34
a0343_Orn_CBG75492.1_A1_BGC0000423_scabichelin_NOTE:final_produ,LTQAFDVAFWDLILLAGTEFNAYGPTEATTNSTL,Orn,34
a0346_Orn_CBG75492.1_A4_BGC0000423_scabichelin_Orn,LAHAFDGS-WELDVAVGGEHDLYGPTESAVDAYG,Orn,34
a0734_Orn_CAB53322.1_A1_BGC0000325_coelichelin_Orn|OH-Orn,RWQAFDISINELYLWCGGEYHGYGPAETTIGVSH,Orn,34
a0655_Orn_CAA84360.1_A2_BGC0000407_plipastatinP39845_A2_orn_Orn,AAWAFDVFSGDRESILGSDINSYGVTEATIDSSF,Orn,34
a0498_Orn_BAH43766.1_A5_BGC0000452_tyrocidine_Orn,VAWAFDVSTGDREAILGADINSYGVTEACIDTSY,Orn,34
a0608_Orn_CP001614.2_A1_BGC0000451_turnerbactin_Orn,LPFHIAFSAWDLDMGIGGEYNLYGPTENTVDTLG,Orn,34
b0068_Orn_CAJ96470.1_A1_BGC0000330_cupriachelin_OH-Orn,HTTLFDGAHERVGFSFGGEINGYGPTETVVTPLV,Orn,34
a0087_Orn_AAX31558.1_A1_BGC0000336_daptomycin_Orn,LDHAFDTS-WEIDVMLGGEYNYYGPTEFTVDALA,Orn,34
a0026_Orn_CAE11277.1_A2_BGC0001095_fengycin_Orn,AAWAFDVFSGDRESVLGSDINSYGVTEATIDSSY,Orn,34
a0698_Orn_YP_702283.1_A2_BGC0000417_rhodochelin_Fo-OH-Orn,LLQSFDLAFWQWGVMLGAEFNAYGPTECTVNATL,Orn,34
a0047_Orn_AAX16361.1_A3_not_in_mibig____pyoverdine_Orn,HVSSFDGFVEQPDLHAGGELNTYGPTEATVTVTT,Orn,34
a0246_Orn_BAH31686.1_A4_BGC0000371_heterobactin_OH-Orn,LTAAFDVAVFEMIILVGTELAAYGLTEATVNNTL,Orn,34
a0580_Orn_AAX16327.1_A3_not_in_mibig_pyoverdine_OH-Orn,HATMFDGAHEGHVFCFGGDFNGYGPTETVVTPLL,Orn,34
a0188_Orn_AHH53507.1_A1_BGC0000439_taromycin_Orn,LDHAFDTS-WELDLMLGGEYNYYGPTEFTVDAVA,Orn,34
a0533_Orn_CAA43838.1_A3_not_in_mibig_gramicidin_Orn,VAWAFDVSAGDREAIVGSDVNSYGVTEAALILAI,Orn,34
a0677_Orn_AAC36721.1_A2_not_in_mibig_fengycin_Orn,AAWAFDVFSGDRESILGSDINSYGVTEATIDSSY,Orn,34
a0720_Orn_AAC82549.1_A1_BGC0000351_exochelin_Orn,RWQAFDISVNELYLWCGGEYHGYGPAEATIGVSH,Orn,34
a0046_Orn_AAX16361.1_A2_not_in_mibig____pyoverdine_OH-Orn,HATMFDGSHEGHVFCFGGDFNGYGPTETVVTPLL,Orn,34
a0304_Orn_AGM16412.1_A4_BGC0000400_paenibacterin_Orn,IAWAFDVFSGDRESIVGSDLNSYGVTEACVDACY,Orn,34
a0437_Orn_AAX16325.1_A2_not_in_mibig_pyoverdine_OH-Orn,HATMFDGAHEGHVFCFGGDFNGYGPTETVVTPLL,Orn,34
a0529_Orn_BAA06146.1_A3_not_in_mibig_gramicidin_Orn,VAWAFDVSAGDREAIVGSDVNSYGVTEACIDSSY,Orn,34
a0301_Orn_AGM16412.1_A1_BGC0000400_paenibacterin_Orn,MAWAFDVFSGDRESIIGSDLNSYGVTEACVDASY,Orn,34
a0514_Orn_AAC82550.1_A3_BGC0000351_exochelin_Orn,MNHVFDMS-WEFNVLLGGEYNLYGPTEYTINTLG,Orn,34
a0245_Orn_BAH31686.1_A3_BGC0000371_heterobactin_OH-Orn,MNHVFDMS-WELNVLLGGEYNLYGPTEYTINTLG,Orn,34
a0512_Orn_AAC82550.1_A1_BGC0000351_exochelin_Orn,MNHVFDMS-WEFNVLLGGEYNLYGPTEYTINTLG,Orn,34
a0345_Orn_CBG75492.1_A3_BGC0000423_scabichelin_NOTE:final_produ,MNHVFDMS-WELNVLLGGEYNLYGPTEYTINTLG,Orn,34
a0031_Orn_AAX16360.1_A4_not_in_mibig_pyoverdine_OH-Orn,HAVMFDGAHERTAFCFGGDINGYGPTETVVTPLI,Orn,34
b0196_Orn_AED90002.1_A2_BGC0000443_thanamycin_Orn,QALAFDMSVEEGNLMIGGEFNAYGPTEATVNASI,Orn,34
a0766_Ile_AAD04759.1_A1_BGC0000381_lichenysin_Ile,VETSFDGFTFDGFVLFGGEIHVYGPTETTVFATF,Ile,31
a0456_Ile_AHF21229.1_A2_BGC0000449_tridecaptin_Ile,LNKGFDASTFEGFMLVGGDANIYGPTENTTFSTI,Ile,31
a0313_Ile_AGM16414.1_A3_BGC0000400_paenibacterin_Ile,VGTSFDGSTFDGFILFGGEKHVYGPTESTVFATC,Ile,31
b0003_Ile_AAF15891.2_A1_BGC0001028_nostopeptolide_Ile,LNTAFDAATFEGFLLFGGELHVYGPTENTTFSSW,Ile,31
a0754_Ile_CAC01606.1_A1_not_in_mibig_anabaenopeptilides_Ile,LNTAFDAATFEGFLLFGGELHVYGPTENTTFSSW,Ile,31
a0404_Ile_WP_010369430.1_A2_BGC0000314_bromoalterochromides_NOT,YDDSFDAFIFDVFVNFGGEYHAYGPTETTVYATC,Ile,31
a0237_Ile_AAO23334.1_A1_BGC0000397_nostocyclopeptide_Ile,LETSFDAATFEGFLLFGGELHVYGPTENTTFSSW,Ile,31
a0221_Ile_BAC67536.1_A4_BGC0000305_arthrofactin_Ile,LNNSFDASTMDGFVLCGGEVHCYGPTETTTYATT,Ile,31
a0185_Ile_CDG17980.1_A5_BGC0000464_xenoamicins_Ile,LNNAFDAATWESFLLFGGELHMYGPTETTTFATA,Ile,31
a0617_Ile_AAC06346.1_A1_BGC0000310_bacitracin_Ile,VNTSFDGSVFDGFILFGGEIHVYGPTESTVYATY,Ile,31
a0643_Ile_AFZ61526.1_A3_BGC0000462_WLIP_Ile,LNNSFDASTMDGFVLCGGEVHCYGPTETTTYATT,Ile,31
a0797_Ile_CAA84364.1_A1_not_in_mibig_bacillus_vir_factor_Ile,LNSGFDAVTFEGFLYVGGEHNIYGPTENTTFSTF,Ile,31
a0518_Ile_AAB00093.1_A1_BGC0001095_fengycin_Ile,LNSGFDAVTFEGFLYVGGEYNIYGPTENTTFSTF,Ile,31
b0452_Ile_AGE25480.1_A1_BGC0001208_poaeamide_Ile,LWHAFDAMAWEPFLLIGGDINNYGPTEATVVATS,Ile,31
a0621_Ile_AAC06346.1_A5_BGC0000310_bacitracin_Ile,VNTSFDGSVFDGFILFGGEIHVYGPTESTVYATY,Ile,31
a0668_Ile_WP_044649525.1_A2_not_in_mibig_tridecaptin_Ile,LNTGFDASTFEGWLLVGGDINGYGPTENTTFSTT,Ile,31
a0309_Ile_AGM16413.1_A4_BGC0000400_paenibacterin_Ile,VGASFDGSTFDGFILFGGEKHVYGPTESTVFATC,Ile,31
a0505_Ile_AAC06348.1_A1_BGC0000310_bacitracin_Ile,VNTSFDGSVFDGFIFLGGEIHVYGPTESTVYATY,Ile,31
a0407_Ile_AEU11003.1_A3_BGC0001029_nostophycin_aIle|Ile,LNTAFDAATFEGFLLFGGELHVYGPTENTTFSSW,Ile,31
a0337_Ile_AGZ15459.1_A2_BGC0001036_polyoxypeptin_NOTE:has_epime,AALAFDVATFESCSNISGEINSYGPSETFYATGH,Ile,31
b0496_Ile_WP_019634550.1_A1_BGC0001443_matlystatins_Ile,FWDAFDASAWDPFLLTGGEVNNYGPTETTIIATS,Ile,31
a0220_Ile_BAC67536.1_A3_BGC0000305_arthrofactin_Ile,LNNSFDASTMDGFVLCGGEVHCYGPTETTTYATT,Ile,31
b0520_Ile_RAT94091.1_A1_BGC0001469_marthiapeptide_a_Ile,V-TSFDGSTFDGFVLFGGELHVYGPTESTVYATY,Ile,31
b0245_Ile_AFJ23826.1_A3_BGC0000462_WLIP_Ile,LNDSFDASTMDGFVLCGGEVHCYGPTETTTYATA,Ile,31
a0225_Ile_AAY29580.1_A1_not_in_mibig_bt_peptide_Ile,T-HSFDGSTFEGFMLFGGEINVYGPTETTVYATY,Ile,31
b0492_Ile_ANQ43349.1_A4_BGC0001347_poaeamide_b_Ile,LNNSFDASTMDGFVLCGGEVHCYGPTETTTYATT,Ile,31
b0481_Ile_AOA33123.1_A2_BGC0001346_bananamides_Ile,LDCSFDASTMDGFVLCGGEVHCYGPTETTTYATT,Ile,31
b0283_Ile_ABC36785.1_A3_BGC0000964_burkholdac_Ile,-GLHFDYSILEYCQVVGGEANVYGITETTVITTF,Ile,31
a0295_Ile_AFH75322.1_A3_BGC0000425_sessilin_Ile,LNGSFDASTMDGFTLCGGEVHCYGPTESTTYATT,Ile,31
b0020_Ile_ACM68684.1_A1_BGC0000298_aeruginosin_Ile,LNTSFDAATFEGFLLFGGELHVYGPTESTTFTSW,Ile,31
b0485_Ile_ANQ43348.1_A2_BGC0001347_poaeamide_b_Ile,LNNSFDASTMDGFVLCGGEVHCYGPTETTTYATT,Ile,31
a0625_Hpg_AAM80537.1_A1_BGC0000290_A47934_Hpg|Cl2-Hpg,LEPAFDISLFEVHLLTGGDRHLYGPTETTLCATW,Hpg,30
a0095_Hpg_EWS95124.1_A2_BGC0000306_arylomycin_Hpg,LDPAFDISDYEVHFLTGGDRQLYGPTEVTLCATQ,Hpg,30
a0791_Hpg_AIG79241.1_A1_BGC0000419_ristomycin_A_Hpg,LEPAFDISLFEVHLLTGGDRHLYGPTEATLCATW,Hpg,30
a0057_Hpg_CAE53352.1_A2_BGC0000440_teicoplanin_Hpg|Cl2-Hpg,LDPAFDASLLEVHLLTGGDRHLYGPTETTLCATW,Hpg,30
a0730_Hpg_CAA11795.1_A2_BGC0000455_vancomycin_Hpg|Cl2-Hpg,LDPAFDASLVEVHLLTGGDRQLYGPTEITLCATW,Hpg,30
a0397_Hpg_AGS77309.1_A1_BGC0001178_UK-68_597_Hpg,LEPAFDISLFEVHLLTGGDRHLYGPTEATLCATW,Hpg,30
a0717_Hpg_AHF20584.1_A2_BGC0000418_ristocetin_Hpg,LDPAFDASLVEVHLLTGGDRQLYGPTEITLCATW,Hpg,30
a0234_Hpg_CAB38518.1_A6_BGC0000315_calcium_dependent_antibiotic,LDHAFDVSCYEVHLLTGGDRHLYGPTETTLCVTQ,Hpg,30
b0006_Hpg_CAD91212.1_A1_BGC0000289_A40926_Hpg,LEPAFDISLFEVHLLTGGDRHLYGPTEATLCATW,Hpg,30
a0443_Hpg_AAT09804.1_A1_BGC0000395_nocardicin_a_Hpg|Cl2-Hpg,RWWAFDIAVWEAHFVCGGEVHAYGPTETTITVVH,Hpg,30
a0628_Hpg_AAK81824.1_A1_BGC0000326_complestatin_Hpg|Cl2-Hpg,LESAFDISLFEVHVLTGGDRHLYGPTESTLCATW,Hpg,30
a0394_Hpg_AGS77307.1_A1_BGC0001178_UK-68_597_Hpg,LNTAFDASLFEVHLLTGGDRHLYGPTETTLCATW,Hpg,30
a0794_Hpg_AIG79243.1_A1_BGC0000419_ristomycin_A_Hpg,LDPAFDASLCEVHLLTGGDRHLYGPTETTLCATW,Hpg,30
a0712_Hpg_AHF20582.1_A1_BGC0000418_ristocetin_Hpg,LDPAFDASLCEVHLLTGGDRHLYGPTETTLCATW,Hpg,30
a0056_Hpg_CAE53352.1_A1_BGC0000440_teicoplanin_Hpg|Cl2-Hpg,LDPAFDISLFEVHLLTGGDRHLYGPTETTLCATW,Hpg,30
a0552_Hpg_CAC48361.1_A2_BGC0000311_balhimycin_Hpg|Cl2-Hpg,LDPAFDASLVEVHLLTGGDRQLYGPTEITLCATW,Hpg,30
a0014_Hpg_CAE53350.1_A1_BGC0000440_teicoplanin_Hpg|Cl2-Hpg,LNPAFDASLFEVHLLTGGDRHLYGPTETTLCATW,Hpg,30
a0736_Hpg_AAK81827.1_A1_BGC0000326_complestatin_Hpg|2Cl-Hpg,LDPAFDASLFEVHLLTGGDRHLYGPTETTLCATW,Hpg,30
b0007_Hpg_CAD91212.1_A2_BGC0000289_A40926_Hpg,LDPAFDASLLEVHLLTGGDRELYGPTEVTLCATW,Hpg,30
a0551_Hpg_CAC48361.1_A1_BGC0000311_balhimycin_Hpg|Cl2-Hpg,LEPAFDISLFEVHLLTGGDRHLYGPTEATLCATW,Hpg,30
a0729_Hpg_CAA11795.1_A1_BGC0000455_vancomycin_Hpg|Cl2-Hpg,LEPAFDISLFEVHLLTGGDRHLYGPTEATLCATW,Hpg,30
a0779_Hpg_AAM80539.1_A1_BGC0000290_A47934_Hpg|Cl2-Hpg,LNPAFDASLFEVHLLTGGDRHLYGPTETTLCATW,Hpg,30
b0009_Hpg_CAD91220.1_A1_BGC0000289_A40926_Hpg,LNPAFDASLFEVHLLTGGDRHLYGPTETTLCATW,Hpg,30
a0444_Hpg_AAT09804.1_A3_BGC0000395_nocardicin_a_Hpg|Cl2-Hpg,QWSAFDISLWEHHLVCGGENHTYGPTEASIIVTH,Hpg,30
a0078_Hpg_AAK81826.1_A1_BGC0000326_complestatin_Hpg|Cl2-Hpg,LEPAFDISLFEVHVLTGGDRHLYGPTEVSLCATW,Hpg,30
a0701_Hpg_AAK81825.1_A1_BGC0000326_complestatin_Hpg|Cl2-Hpg,LEPAFDISLFEVHVLTGGDRHLYGPTEVSLCATW,Hpg,30
a0792_Hpg_AIG79241.1_A2_BGC0000419_ristomycin_A_Hpg,LDPAFDASLVEVHLLTGGDRQLYGPTEITLCATW,Hpg,30
a0714_Hpg_AHF20584.1_A1_BGC0000418_ristocetin_Hpg,LEPAFDISLFEVHLLTGGDRHLYGPTEATLCATW,Hpg,30
a0079_Hpg_AAK81826.1_A2_BGC0000326_complestatin_Hpg|Cl2-Hpg,LETAFDISLFEVHVLTGGDRHLYGPTEVSLCATW,Hpg,30
a0626_Hpg_AAM80537.1_A2_BGC0000290_A47934_Hpg|Cl2-Hpg,LDPAFDASLFEAHLLTGGDRHLYGPTETTLCGTW,Hpg,30
a0756_Phe_AAN32981.1_A1_BGC0000962_barbamide_Phe,LVQAFDASIWEMTLVVAGEVNAYGPTESTVCATM,Phe,25
b0424_Phe_AEZ51516.1_A1_BGC0001153_polymyxin_Phe,LTFAFDASCWENTLITAGSYNAYGPTEASIATSV,Phe,25
b0108_Phe_AEH41793.1_A3_BGC0000374_hormaomycin_bMe-Phe,LTFAFDASVWDMTLTVAGDLHVYGATEVTAACTV,Phe,25
a0060_Phe_CAA67249.1_A2_BGC0000952_pristinamycin_Phe,TAQAFDAAVWESALIVAGDVNAYGLTETTVCATM,Phe,25
a0647_Phe_CAA72310.1_A2_BGC0001116_virginiamycin_Phe,VPLAFDAALWELTLVVAGETNAYGPTEAAVCTTI,Phe,25
a0506_Phe_AAC06348.1_A2_BGC0000310_bacitracin_Phe,LAVAFDASAFEPTLVSAGSINAYGPTETTVCATA,Phe,25
a0406_Phe_AEU11003.1_A2_BGC0001029_nostophycin_Phe,LAQAFDASIWEMTLIVAGEFNAYGPTEASVCATV,Phe,25
a0666_Phe_AID65224.1_A2_BGC0000335_cystomanamides_Phe,TEFAFDAALLEMILVTAGEINAYGPAECSVCVSM,Phe,25
a0763_Phe_BAA00406.1_A1_BGC0000367_gramicidin_Phe,LFFAFDASVWEMTLITAGSINAYGPTETTICATT,Phe,25
a0458_Phe_AEC14348.1_A1_BGC0000377_koranimine_Phe,LNQAFDSSVIESILGSAGSFNGYGPTEYSVCTSF,Phe,25
a0479_Phe_AGZ03650.1_A1_BGC0000426_sevadicin_Phe,LVWAFDASVWEMTLITAGSVNAYGPTETSICATN,Phe,25
b0110_Phe_AEH41794.1_A1_BGC0000374_hormaomycin_bMe-Phe,LTFAFDASVWDMTLTVAGDLHVYGATEVTAACTV,Phe,25
b0510_Phe_WP_051206727.1_A1_BGC0001467_hapalosin_Phe,LAQAFDASIWEMTLIVAGEFNAYGPTEATVCATV,Phe,25
a0379_Phe_CAB39315.1_A2_not_in_mibig_ergot_peptide_alkaloid_Phe,NPLCFDLLIVELGSMQAGEINAYGPAECSVGALA,Phe,25
a0461_Phe_AEC14347.1_A1_BGC0000377_koranimine_Phe,LSQAFDASIYEGVLGSAGSYNAYGPTEYSVWTTI,Phe,25
a0272_Phe_CAB55600.1_A1_BGC0000365_glycopeptidolipid_Phe,LVLHFDASVWENTQAVVGEINAYGPTETTICVTS,Phe,25
a0453_Phe_AHF21228.1_A9_BGC0000449_tridecaptin_Phe,LYFAFDAACWEQTLFTAGSYNGYGPTENSVATSV,Phe,25
a0085_Phe_AAC45929.1_A2_BGC0000452_tyrocidine_Phe,SWNLFDAFALTTVFMLGGEMNAYGPTESSVMATY,Phe,25
b0522_Phe_ACC81021.1_A1_BGC0001479_anabaenopeptin_nz857_Phe,LAQAFDASVWEMTLIVAGEFNAYGPTESTICATV,Phe,25
a0206_Phe_AEA30273.1_A1_BGC0000429_skyllamycin_NOTE:final_beta_,LSQAFDAAFWEMTIVVAGEINAYGPSETTVCATM,Phe,25
b0028_Phe_ACZ55946.1_A1_BGC0000302_anabaenopeptin_Phe,LAVAFDASIWEPTIITAGEFNGYGPTESTVCTSI,Phe,25
a0086_Phe_AAC45929.1_A3_BGC0000452_tyrocidine_Phe,LVFAFDASVWDGTLITAGSVNGYGPTESTVCATL,Phe,25
a0722_Phe_ADL64235.1_A2_BGC0000308_aureusimine_Phe,LAWAFDASVMECSIITGGAFNAYGPSESTVITSY,Phe,25
a0563_Phe_AF047828.1_A6_BGC0000437_syringomycin_Phe,LDNSFDASTPEGISMCGGEFNGYGPTEGTTCATS,Phe,25
a0803_Phe_CAA31623.1_A1_BGC0000452_tyrocidine_Phe,LFFAFDASVWEMTLITAGSINAYGPTETSICATI,Phe,25
b0457_Glu_AGE26255.1_A2_BGC0001208_poaeamide_Glu,LWGAFDGSVWEWKFLCGGGHNVYGPTEATVDSSA,Glu,24
a0033_Glu_AAZ23075.1_A2_BGC0000291_A54145_Glu,FRASFDLTVVTGKAVLAGELNSYGPTETTVNCLE,Glu,24
b0333_Glu_AAF00958.1_A1_BGC0001017_microcystin_LR_Glu,VSLAHDPSIRNLHTSVGGESNVYGSTETCVGVSQ,Glu,24
b0238_Glu_AFJ23819.1_A2_BGC0000462_WLIP_Glu,LWGAFDGSVWEWKFFCGGGHNVYGPTEATVDSTA,Glu,24
a0587_Glu_CAD55498.1_A1_BGC0000315_calcium_dependent_antibiotic,FHCAFDQSVGSAKGTLGGEVNVYGPTEATGHCLE,Glu,24
a0671_Glu_AAG05812.1_A1_not_in_mibig_pyoverdine_Glu,RWMAFDVSVWEWHFFSGGEHNRYGPTETAINVTH,Glu,24
a0487_Glu_CAB13715.1_A1_BGC0000407_plipastatin_Glu,FGMTFDASVWQWHFFAGGEIHGYGPTEATVDAAF,Glu,24
a0199_Glu_AHH53508.1_A1_BGC0000439_taromycin_Glu,YRSSFDLTVGAVKATLGGEFNVYGPTETTVNCAE,Glu,24
a0545_Glu_AAN07013.1_A4_not_in_mibig_bacillomycin_Glu,LGLAFDASVKQADGLIGGETNVYGPTETCVDASV,Glu,24
a0515_Glu_BAA02522.1_A1_not_in_mibig_surfactin_Glu,LSLPFDASVKQADGLIGGETNVYGPTETCVDASV,Glu,24
a0568_Glu_CAA84363.1_A2_BGC0000407_plipastatin_Glu,FSLTFDASIWEWHFFSGGETNSYGPTEATVEAAF,Glu,24
a0676_Glu_AAC36721.1_A1_not_in_mibig_fengycin_Glu,FGMTFDASVWQWHFFAGGEVHGYGPTEATVDAAF,Glu,24
a0160_Glu_AFH75328.1_A2_BGC0000398_orfamide_Glu,LWGAFDGSVWEWKFFCGGGHNVYGPTEATVDSTA,Glu,24
a0654_Glu_CAA84360.1_A1_BGC0000407_plipastatinP39845_A1_glu_Glu,FGMTFDASVWQWHFFAGGEIHGYGPTEATVDAAF,Glu,24
a0555_Glu_CAE02630.1_A1_BGC0000433_surfactin_Glu,LSLAFDASVKQADGLIGGETNVYGPTETCVDASV,Glu,24
a0620_Glu_AAC06346.1_A4_BGC0000310_bacitracin_Glu,LGLAFDASVKQADMIVGGDTNVYGPTECCVDAAS,Glu,24
a0025_Glu_CAE11277.1_A1_BGC0001095_fengycin_Glu,FGMSFDASIWQWHFFAGGEIHGYGPTEATVDAAF,Glu,24
a0631_Glu_AAB80956.1_A1_BGC0001095_fengycin_Glu,FGMTFDASVWQWHFFAGGEVHGYGPTEATVDAAF,Glu,24
a0572_Glu_AAB80955.2_A2_BGC0001095_fengycin_Glu,FSLTFDASIWEWHFFSGGETNSYGPTEATVEAAF,Glu,24
a0454_Glu_AHF21228.1_A10_BGC0000449_tridecaptin_Glu,LALSFDASVKQADGLIGGETNVYGPTETTVDATA,Glu,24
a0789_Glu_AFZ61501.1_A2_BGC0000462_WLIP_Glu,LWGAFDGSVWEWKFLCGGGHNVYGPTEATVDSSA,Glu,24
a0541_Glu_CAE11249.1_A4_BGC0001090_bacillomycin_Glu,LGLAFDASVKQADGLIGGETNVYGPTETCVDASV,Glu,24
a0423_Glu_AGM14925.1_A2_BGC0000463_xantholysin_Glu,LWGAFDGSVWEWKFFCGGGHNVYGPTEATVDSTA,Glu,24
b0483_Glu_ANQ43347.1_A2_BGC0001347_poaeamide_b_Glu,LWGAFDGSVWEWKFLCGGGHNVYGPTEATVDSSA,Glu,24
a0263_Gln_CCJ67639.1_A1_BGC0000447_tolaasin_NOTE:final_epimeriz,HWQTFDASVWETQFFSGGEVNLYGPTEATIDSTS,Gln,23
a0519_Gln_CAA06323.1_A1_BGC0000381_lichenysin_Gln,LGLAFDASVQQTDGLVGGETNVYGPTETCVDASS,Gln,23
a0048_Gln_AAU22002.1_A1_BGC0000381_lichenysin_Gln,LGLAFDASVQQTDGLVGGETNVYGPTETCVDASS,Gln,23
a0286_Gln_AFH75320.1_A6_BGC0000425_sessilin_NOTE:no_epimerase_d,HWQTFDASVWETQFFSGGEVNLYGPTEATIDSTS,Gln,23
a0352_Gln_AHZ34232.1_A3_BGC0000323_cichofactins_Gln,LWSTFDASVWEWQFVCGGGHNVYGPTETTVDSSA,Gln,23
a0436_Gln_AAX16325.1_A1_not_in_mibig_pyoverdine_Gln,HWMTFDASVWELQMCCGGEVNLYGPTEATIDACC,Gln,23
b0344_Gln_CAG29032.1_A4_BGC0001023_myxochromide_Gln,HWMTFDASVWEAQLCVGGEWNLYGPTEATIDALA,Gln,23
a0434_Gln_AGM14934.1_A3_BGC0000463_xantholysin_Gln,LWSTFDASVWEWQFVCGGGHNVYGPTEATVDCSV,Gln,23
a0522_Gln_AAD04757.1_A1_BGC0000381_lichenysin_Gln,LGLAFDASVQQTDGLVGGETNVYGPTETCVDASS,Gln,23
a0424_Gln_AGM14933.1_A1_BGC0000463_xantholysin_Gln,LWATFDASVWEWQFVCGGGHNVYGPTETTVDCTV,Gln,23
a0495_Gln_BAH43766.1_A2_BGC0000452_tyrocidine_Gln,HWMTFDASVWELQMFCGGEINLYGPTETTIDATY,Gln,23
a0365_Gln_AAM78457.1_A6_not_in_mibig_peptaibols_Gln,SGHSFDGSLGETMLVLGGEVNGYGPAEACNYATT,Gln,23
a0126_Gln_AHZ20774.1_A2_BGC0000369_hassallidins_Gln,HWFTFDASVWETQLFSGGEINLYGPAETTIDVAV,Gln,23
a0409_Gln_AEU11006.1_A1_BGC0001029_nostophycin_Gln,HWMTFDASVWEAQLFCGGEHNLYGPTEACIDATF,Gln,23
a0431_Gln_AGM14933.1_A8_BGC0000463_xantholysin_Gln,LWSTFDASVWEWQFVCGGGHNVYGPTETTVDCSV,Gln,23
a0427_Gln_AGM14933.1_A4_BGC0000463_xantholysin_Gln,LWSTFDASVWEWQFVCGGGHNVYGPTETTVDCSV,Gln,23
a0287_Gln_AFH75321.1_A1_BGC0000425_sessilin_NOTE:no_epimerase_d,LWHAFDAMAWEPFLLIGGDVNNYGPTEATIVATS,Gln,23
b0325_Gln_AAO62582.1_A1_BGC0001016_microcystin_Gln,VSLAHDPSFRNLHTSCGGESNVYGSTETCVGVSQ,Gln,23
b0479_Gln_AOA33122.1_A4_BGC0001346_bananamides_Gln,LWSTFDASVWEWQFFCGGGHNVYGPTEATVDSTV,Gln,23
a0376_Gln_AAM78457.1_A17_not_in_mibig_peptaibols_Gln,TGYSFDGSLGEGMLVLGGEFNGYGPAEACNYATT,Gln,23
a0354_Gln_AHZ34233.1_A2_BGC0000323_cichofactins_Gln,LWSTFDASVWEWQFVCGGGHNVYGPTETTVDCSV,Gln,23
a0525_Gln_BAB69699.1_A3_BGC0001098_iturin_Gln,LGLAFDASVQQADGLIGGETNVYGPTETCVDASL,Gln,23
a0615_Gln_AAF08796.1_A3_BGC0001103_mycosubtilin_Gln,LGLAFDASVQQADGLIGGETNVYGPTETCVDASL,Gln,23
b0426_Dab_AEZ51516.1_A3_BGC0001153_polymyxin_Dab,TGYAFDVFVGDRESITSSDINAYGVTEAAIDSSF,Dab,20
b0427_Dab_AEZ51516.1_A4_BGC0001153_polymyxin_Dab,TGYAFDVFVGDRESITSSDINAYGVTEAAIDSSF,Dab,20
a0451_Dab_AHF21228.1_A7_BGC0000449_tridecaptin_Dab,TAYAFDVFVGDRESITSSDINSYGVTEAAIDSSF,Dab,20
a0393_Dab_EFE73308.1_A1_BGC0000431_stenothricin_Dab,HAKAFDISLWQSQISVTGEVNAYGLTETSDDTNH,Dab,20
b0027_Lys_ACZ55945.1_A2_BGC0000302_anabaenopeptin_Lys,FTAAFDTAAEEPDLIIGGEVNSYGPTETTVIATL,Lys,20
a0341_Lys_EFE73313.1_A2_BGC0000431_stenothricin_Lys,FGGAFDVSVFETELSTGGEWNGYGPTETTVAITL,Lys,20
b0432_Dab_AEZ51520.1_A4_BGC0001153_polymyxin_Dab,TGYAFDVFVGDRESITSSDINAYGVTEAAIDSSF,Dab,20
a0672_Dab_AAG05812.1_A3_not_in_mibig_pyoverdine_Dab,NSKAFDISVWQAESLPTGEVNAYGPAECSDDVAF,Dab,20
a0784_Lys_CFJ82030.1_A1_not_in_mibig_bacillibactin_Lys,YWFAFDVSIAEGHFPIGGEHNFYGPTETVINASR,Lys,20
a0560_Dab_AF047828.1_A3_BGC0000437_syringomycin_Dab,YDANFDLSVEEPHLNVTGDINTYGPTEATVSCTA,Dab,20
b0523_Lys_ACC81021.1_A2_BGC0001479_anabaenopeptin_nz857_NOTE:fi,FTAAFDASVEEPDLIIGGELNSYGPTEATVIATL,Lys,20
a0594_Lys_CCP45167.1_A1_BGC0001021_mycobactin_NOTE:final_produc,YDHWFDAA-WQVDTALGGEFNCYGPTETTVEAVV,Lys,20
a0297_Dab_AFH75322.1_A5_BGC0000425_sessilin_Dab,YDANFDLSVEEPHLNVTGDINTYGPTEATVSCTT,Dab,20
a0307_Lys_AGM16413.1_A2_BGC0000400_paenibacterin_Lys,LAWAFDVFSGDRDVVVGADVNSYGVTETTIDSCY,Lys,20
a0446_Dab_AHF21228.1_A2_BGC0000449_tridecaptin_Dab,TAYAFDVFVGDRESITSSDINSYGVTEAAIDSSF,Dab,20
a0228_Lys_AAY29580.1_A4_not_in_mibig_bt_peptide_Lys,LMAAFDASVGEHTSSTGGELNAYGPTETTVDATI,Lys,20
a0501_Lys_AAX16296.1_A1_not_in_mibig_pyoverdine_Lys,FIAAFDGFVEQPDLHIGGELNTYGPTEATVVSSV,Lys,20
b0431_Dab_AEZ51520.1_A3_BGC0001153_polymyxin_Dab,TGYAFDVFVGDRESITSSDINSYGVTEAAIDSSF,Dab,20
b0198_Lys_AED90002.1_A4_BGC0000443_thanamycin_Lys,LWYSFDLTQKNANMVLGGEINSYGPTECSDVVAW,Lys,20
a0463_Lys_YP_116976.1_A1_BGC0001027_nocobactin_Lys,YDHWFDAS-WQVDTALGGEYNCYGPTETTVEAVV,Lys,20
b0022_Lys_ACZ55942.1_A2_BGC0000302_anabaenopeptin_Lys,FTAAFDTSIEEPDLIIGGEFNSYGPTEATVVTTL,Lys,20
b0433_Dab_AEZ51520.1_A5_BGC0001153_polymyxin_Dab,TGYAFDVFVGDRESITSSDINAYGVTEAAIDSSF,Dab,20
a0778_Lys_AAG31130.1_A1_BGC0001345_myxochelin_Lys,FGAAFDASVEELDLIIGGELNTYGPTEATVVATT,Lys,20
b0264_Dab_ADY76667.1_A1_BGC0000950_napsamycin_Dab,HAKAFDISLWQAQLGVTGEVNAYGATEASDDTTH,Dab,20
a0074_Dab_AAO72425.1_A11_BGC0000438_syringopeptin_Dab,YDANFDLSVEEPHLNVTGDINTYGPTEATVSCTA,Dab,20
a0452_Dab_AHF21228.1_A8_BGC0000449_tridecaptin_Dab,TAYAFDVFVGDRESITSSDINSYGVTEAAIDSSF,Dab,20
b0500_Lys_ARU08074.1_A1_BGC0001448_malacidin_Lys,LEHAFDTS-WDLDVMLGGEYNYYGPTETTVDALA,Lys,20
a0312_Lys_AGM16414.1_A2_BGC0000400_paenibacterin_Lys,LAWAFDVFSGDRDVVVGADVNSYGVTETTIDSCY,Lys,20
a0503_Lys_AAC06347.1_A1_BGC0000310_bacitracin_Lys,YAFVFDAFSEEPSCISGGDYNSYGPTEATVCATY,Lys,20
b0071_Dab_CAJ96472.1_A2_BGC0000330_cupriachelin_Dab,NAKAFDISVWQAEPLPTGEMNAYGPAECSDDVAF,Dab,20
a0579_Dab_AAX16327.1_A2_not_in_mibig_pyoverdine_Dab,NSKAFDISVWQAELLSTGEMNAYGPAECSDDVSF,Dab,20
a0462_Lys_YP_116975.1_A1_BGC0001027_nocobactin_Lys,HSFSFDASLLDVHMPVGGERNHYGPTEAVVCSTH,Lys,20
b0429_Dab_AEZ51520.1_A1_BGC0001153_polymyxin_Dab,TAYAFDVFVGDRESITSSDINSYGVTEAAIDSSF,Dab,20
a0561_Dab_AF047828.1_A4_BGC0000437_syringomycin_Dab,YDANFDLSVEEPHLNVTGDINTYGPTEATVSCTA,Dab,20
a0548_Lys_AAZ23077.1_A1_BGC0000291_A54145_NOTE:final_product_ep,LAHSFDAS-WDLDLALGGEMNTYGPTETAVDAVV,Lys,20
a0073_Dab_AAO72425.1_A10_BGC0000438_syringopeptin_Dab,YDANFDLSVEEPHLNVTGDINTYGPTEATVSCTA,Dab,20
a0270_Dab_CCJ67640.1_A5_BGC0000447_tolaasin_NOTE:final_epimeriz,YDANFDLSVEEPHLNVTGDINTYGPTEATVSCTT,Dab,20
a0298_Lys_AFH75322.1_A6_BGC0000425_sessilin_Lys,EAIAFDASIEEGSLVVGGELNTYGPTEATIIATA,Lys,20
a0771_Lys_CAD70195.1_A1_BGC0001047_syringolin_a_Lys,LALAFDVFMSDREFTCGADVSVYGVTEATCESAT,Lys,20
a0271_Lys_CCJ67640.1_A6_BGC0000447_tolaasin_Lys,EAIAFDASIEEGSLVVGGELNTYGPTEATIIATA,Lys,20
a0747_Trp_XP_001220460.1_A1_not_in_mibig_chaetoglobosin_Trp,RVSTFDISLFQLAALCGGEVNDYGPAEATFRCST,Trp,19
b0293_Trp_CAJ46692.1_A1_BGC0000969_chondramide_Trp,VALAFDGSVVEMQLMVAGELNGYGPTETTVGAAM,Trp,19
a0209_Trp_AEA30273.1_A4_BGC0000429_skyllamycin_NOTE:final_produ,FSHVFDVSVGDMMLVSGGEINAYGPTETTVAATL,Trp,19
a0588_Trp_CAD55498.1_A2_BGC0000315_calcium_dependent_antibiotic,LIFLFDGGFWEMAIVVAAERNSYGPTETTVCATM,Trp,19
a0420_Trp_CAD92851.1_A5_not_in_mibig_gramicidin_Trp,LDLIFDVSVSEMAMIVGGEINCYGPTETTVTATL,Trp,19
a0194_Trp_AHH53506.1_A1_BGC0000439_taromycin_Trp,LDQIFDVSLSELNIVTGGEFNAYGPSETTVEVTA,Trp,19
a0276_Trp_BAP16684.1_A1_BGC0000376_jbir-34_jbir-35_Trp|6Cl-Trp,FAIVFDGWLWCLCLVVAGELNVYGPTEATIAATW,Trp,19
b0116_Trp_AFO85453.1_A2_BGC0000391_pendolmycin_Trp,MIQAFDGAVWEGTLIVSGELNGYGPTETTVCATL,Trp,19
a0481_Trp_AGZ03651.1_A2_BGC0000426_sevadicin_Trp,SWKLFDAFVLNGAAVVGGENNQYGPTENSVVSTY,Trp,19
a0418_Trp_CAD92851.1_A3_not_in_mibig_gramicidin_Trp,LALTFDVSVSEMSMIVGGEFNCYGPTEATVCSTM,Trp,19
a0726_Trp_AAT12283.1_A2_BGC0000384_lyngbyatoxin_Trp,MTQSFDGVVWESVLIVSGEINGYGPTETTVCATL,Trp,19
a0231_Trp_CAB38518.1_A3_BGC0000315_calcium_dependent_antibiotic,LIFLFDASFWEMSLVVGAELNSYGPTETTVCSTM,Trp,19
a0492_Trp_CAD92852.1_A3_not_in_mibig_gramicidin_Trp,MAYTFDVSVSEQSMEVGGDFNCYGPTEATVGTVI,Trp,19
a0330_Trp_AHB82071.1_A2_BGC0001019_microsclerodermins_Trp,LDHVFDVATSDMQIIVGGEFNAYGPTETTVCATI,Trp,19
a0032_Trp_AAZ23075.1_A1_BGC0000291_A54145_Trp,LEQAFDVAVAEMLAVTGGEFNVYGPTEATVQATS,Trp,19
a0449_Trp_AHF21228.1_A5_BGC0000449_tridecaptin_Trp,LYFAFDAACWEQALFTAGSYNGYGPTENSVATSV,Trp,19
a0490_Trp_CAD92852.1_A1_not_in_mibig_gramicidin_Trp,LALTFDVSVSEMSMIVGGEFNCYGPTEATVCSTM,Trp,19
a0629_Trp_AAK81824.1_A2_BGC0000326_complestatin_Trp,LDRVFDVSMADPVMVSGGDHNEYGVTEATVVSTV,Trp,19
a0800_Trp_chaP_not_in_genbank_A1_BGC0000321_chaetocin_NOTE:prod,LNPMFDYCNVESPSYATGEYNAYGPAECSICTSF,Trp,19
a0790_Dhpg_AIG79240.1_A1_BGC0000419_ristomycin_A_Dhpg,LDRAFDPSLYAVHLGTGGDRNTYGPTETTLCATW,Dhpg,14
a0680_Dhpg_AAM80538.1_A1_BGC0000290_A47934_Dhpg,LDPAFDASLYDVNFLAGGDWHTYGPTETTLCATW,Dhpg,14
a0396_Dhpg_AGS77308.1_A1_BGC0001178_UK-68_597_Dhpg,LDPAFDASLYDVNFAAGGDLHSYGPTETTLCATW,Dhpg,14
a0486_Dhpg_CAE53353.1_A1_BGC0000440_teicoplanin_Dhpg,LDAAFDPSLYEVHLGTGGDRNTYGPTETTLCATW,Dhpg,14
a0132_Dhpg_AIG79242.1_A1_BGC0000419_ristomycin_A_Dhpg,L--AFDPALYEVNFQTGGDLHTYGPTETTFCASW,Dhpg,14
a0131_Dhpg_AHF20583.1_A1_BGC0000418_ristocetin_Dhpg,L--AFDPALYEVNFQTGGDLHTYGPTETTFCASW,Dhpg,14
a0716_Dhpg_AHF20585.1_A1_BGC0000418_ristocetin_Dhpg,LDRAFDPSLYAVHLGTGGDRNTYGPTETTLCATW,Dhpg,14
a0802_Dhpg_CAE53351.1_A1_BGC0000440_teicoplanin_Dhpg,LDPAFDASLYDVNFLAGGDWHTYGPTETTLCATW,Dhpg,14
b0012_Dhpg_AAM80536.1_A1_BGC0000290_A47934_Dhpg,LDAAFDASLYEVHLGTGGDRNTYGPTETTLCATW,Dhpg,14
a0201_Dhpg_CAA11796.1_A1_BGC0000322_chloroeremomycin_Dhpg,LDSAFDPSLYAVHLGTGGDRNTYGPTETTLCATW,Dhpg,14
a0399_Dhpg_AGS77310.1_A1_BGC0001178_UK-68_597_Dhpg,LDAAFDPSLYEVHLGTGGDRNTYGPTETTLCATW,Dhpg,14
b0005_Dhpg_CAD91211.1_A1_BGC0000289_A40926_Dhpg,LDEAFDPSLYAVHLGTGGDRNTYGPTETTLCATW,Dhpg,14
a0554_Dhpg_CAC48362.1_A1_BGC0000311_balhimycin_Dhpg,LDAAFDPSLYAVHLGTGGDRNTYGPTETTLCATW,Dhpg,14
a0546_Dhpg_CAD91221.1_A1_BGC0000289_A40926_Dhpg,LDPAFDASLYDVNFAAGGDWHTYGPTETTLCATW,Dhpg,14
a0442_Arg_EOY45602.1_A1_BGC0001168_livipeptin_Arg,LHIAFDTSIEQVDLIVGGSVNAYGLTETTITSCT,Arg,11
a0042_Arg_AAX16297.1_A2_not_in_mibig_pyoverdine_Arg,HAAAFDAAAEQVDLILGGEFNAYGPTEAVITPLA,Arg,11
a0247_Arg_BAH33409.1_A1_BGC0000371_heterobactin_Arg,LHHAFDAS-LDLDTVVGGERNLYGPTETTVDAIA,Arg,11
b0177_Arg_AHJ31215.1_A3_BGC0000430_spumigin_Arg,HAIAFDVALEEPTLTVGGDLNAYGPTEASVTAIV,Arg,11
a0660_Arg_AAS47562.1_A1_BGC0001108_pederin_Arg,HVIAVDAALEQPDLISGGEVNAYGPTETTITSTV,Arg,11
a0634_Arg_BAA83994.1_A1_not_in_mibig_microcystin_Arg,TYNTFDVSVWELTCIVGGEYNAYGPTEVAVETTI,Arg,11
a0562_Arg_AF047828.1_A5_BGC0000437_syringomycin_Arg,VAWMFDVFSADRDFVCGSDVQAYGVTEASIDSTC,Arg,11
b0331_Arg_AAO62588.1_A1_BGC0001016_microcystin_Arg,NRTGFDVSVWEWCFFSGAEHNLYGPTETAVDATC,Arg,11
a0174_Arg_ABB80392.1_A3_not_in_mibig_cephabacin_Arg,LALSFDASVEEASLVMGGELNAYGPTETTVDATL,Arg,11
a0633_Arg_AAF00962.1_A1_BGC0001017_microcystin_Arg,TYNTFDVSVWESTCIVGGEYNAYGPTEVAVDATV,Arg,11
a0755_Arg_AAL82383.1_A1_BGC0001017_microcystin_Arg,TYATFDVSVWELTCIVGGEYNAYGPTEVAVETTI,Arg,11
a0782_Aad_AAA34747.1_A1_not_in_mibig_tyrocidineP07702_A1_aad_Aa,YWMSHDPIQRDTHLFFVGDVNMYGTTETQRAVSY,Aad,8
a0439_Aad_CAA40561.1_A1_not_in_mibig_penicillin_Aad,SDLAFEPHLRQINALLVGEVNEYAFTEAAFVTAV,Aad,8
a0364_Abu|Ival_AAM78457.1_A5_not_in_mibig_peptaibols_Abu|Ival,SAIAFDLSVGECWFLLCGEFNGWGPAETCVFSSL,Abu|Ival,8
b0051_Aad_EDY47118.1_A1_BGC0000319_cephamycin_c_Aad,SDLAFEPHLRQINALLVGEVNEYAFTEAAFVTAV,Aad,8
a0375_Abu|Ival_AAM78457.1_A16_not_in_mibig_peptaibols_Abu|Ival,SAIVFDLCLGELFLLLAGEWNGWGPAETCLFSSL,Abu|Ival,8
a0224_Abu|Ival_CAA67248.1_A2_BGC0000952_pristinamycin_Abu|Ival,LDTSFDTSQYEVWLWTGGDADGYGPTETTTFATH,Abu|Ival,8
a0371_Abu|Ival_AAM78457.1_A12_not_in_mibig_peptaibols_Abu|Ival,SAIAFDLSIGEAYLLLAGEINGWGPAETCVFSTL,Abu|Ival,8
a0037_Aad_BAA08846.1_A1_not_in_mibig_cephalosporin_Aad,ADLAFEPFMRQINGLLVGEINEYAFTETAFVTAI,Aad,8
a0374_Abu|Ival_AAM78457.1_A15_not_in_mibig_peptaibols_Abu|Ival,SAIAFDLSIGEAFLLLAGEINGWGPAETCVFSTL,Abu|Ival,8
a0081_Aad_AAA03914.1_A1_not_in_mibig_penicillin_Aad,SDLSFEPFVRQMNGILVGELNEYGFTESAFVTAL,Aad,8
a0360_Abu|Ival_AAM78457.1_A1_not_in_mibig_peptaibols_Abu|Ival,SAIAFDLSIGEGYLLFAGEINGWGPAETCVFSTL,Abu|Ival,8
a0368_Abu|Ival_AAM78457.1_A9_not_in_mibig_peptaibols_Abu|Ival,SAIAFDLSIGEGYLLLAGEINGWGPAETCCFSTL,Abu|Ival,8
a0144_Aad_AAK1902.1_A1_not_in_mibig_penicillin_Aad,SDLSFEPFVRQMNGVLVGELSEYGFTESAFVTAL,Aad,8
a0656_Aad_AAC15909.1_A1_not_in_mibig_potentially_Lys_biosynthes,YWMSHDPIQRDTHLFFVGDVNMYGTTETQRSVSY,Aad,8
a0366_Abu|Ival_AAM78457.1_A7_not_in_mibig_peptaibols_Abu|Ival,SAIAFDCAVGESWSVLVGEINGWGPAETCVVSTI,Abu|Ival,8
a0728_Aad_AAB39900.1_A1_not_in_mibig_cephamycin_c_Aad,SDLAFEPHLRQINALLVGEVNEYAFTEAAFVTAV,Aad,8
a0710_di-OH-Bz_AAG31128.1_A1_BGC0001345_myxochelin_di-OH-Bz,SGSLFPLSSPGGALQVGGAQQVYGMAEGLVNYTR,di-OH-Bz,6
b0199_His_AED90002.1_A5_BGC0000443_thanamycin_His,SARSFDSSVAGGLCIVAGEYNEYGPTEATVWATV,His,6
a0679_di-OH-Bz_AAG00564.1_A1_not_in_mibig_vibriobactin_di-OH-Bz,SASLFPLSSPGGALQVGGAQQVFGMAEGLVNYTR,di-OH-Bz,6
a0293_dhAbu_AFH75322.1_A1_BGC0000425_sessilin_dhAbu,LATHFDFSVWEGNQIFGGEVNMYGITETTVHVTY,dhAbu,6
b0400_His_ACG60782.1_A2_BGC0001058_zorbamycin_His,SARSFDSSVVGWLATAAGEHNEYGPTEATVWSTV,His,6
a0624_His_AAG02355.1_A2_BGC0000963_bleomycin_His,SARSFDSSVAGWLAIAAGEHNEYGPTETTVWSTV,His,6
b0493_di-OH-Bz_AQZ26587.1_A1_BGC0001437_obafluorin_di-OH-Bz,LNTHFDASVWEGGQCFGGELNLYGITETTINATY,di-OH-Bz,6
b0524_di-OH-Bz_CDG76957.1_A1_BGC0000446_tilivalline_di-OH-Bz,LPVAFAASANEMFLVVSGDFNGLGCTENSAISSL,di-OH-Bz,6
a0071_dhAbu_AAO72425.1_A8_BGC0000438_syringopeptin_dhAbu,LATHFDFSVWEGNQIFGGEVNMYGITETTVHVTY,dhAbu,6
b0371_His_ABL74936.1_A2_BGC0001048_tallysomycin_His,SARSFDSSVAGWLGVAAGEANEYGPTEATVWATM,His,6
b0534_di-OH-Bz_ABS75234.1_A1_BGC0001185_bacillibactin_di-OH-Bz,SISLYPLSSPGGALQVGGAQQVFGMAEGLVNYTR,di-OH-Bz,6
a0008_dhAbu_AAF99707.2_A1_BGC0000438_syringopeptin_dhAbu,LATHFDFSVWEGNQIFGGEVNMYGITETTVHVTY,dhAbu,6
b0387_His_CCM44336.1_A2_BGC0001056_zeamine_His,LTEAFDTSVWEMTLIVAGEINSYGPTETTVSATN,His,6
a0281_dhAbu_AFH75320.1_A1_BGC0000425_sessilin_dhAbu,LATHFDFSVWEGNQIFGGEVNMYGITETTVHVTY,dhAbu,6
a0006_dhAbu_AAO72424.1_A4_BGC0000438_syringopeptin_dhAbu,LATHFDFSVWEGNQIFGGEVNMYGITETTVHVTY,dhAbu,6
a0507_His_AAC06348.1_A3_BGC0000310_bacitracin_His,TWRPFDSSVEDTLATVAGEFNEYGPTENSVCSTR,His,6
a0067_dhAbu_AAO72425.1_A4_BGC0000438_syringopeptin_dhAbu,LATHFDFSVWEGNQIFGGEVNMYGITETTVHVTY,dhAbu,6
a0093_di-OH-Bz_AAC44632.1_A1_not_in_mibig_enterobactin_like_sid,SRSLHNYSSPGGALQVGGAQQVFGMAEGLVNYTR,di-OH-Bz,6
a0061_Pip_CAA67249.1_A3_BGC0000952_pristinamycin_Pip,LWHTFDFSVQESFALQGGEHNVYGPAETHAVTTH,Pip,5
a0622_Sal|di-OH-Bz_BAC12912.1_A1_not_in_mibig_bacillibactin-lik,SKSLFTMSSPGGSLQVGGAQQVFGMAEGLVNYTR,Sal|di-OH-Bz,5
a0252_Ile|Val_AFR69334.1_A3_BGC0001045_spiruchostatin_Ile|Val,-GLHFDFSVLEYCQLLGGDANVYGITETTVITTF,Ile|Val,5
a0719_Pip_AAC68816.1_A1_BGC0000353_FK506_Pip,LWQVFDYSVQESYACQGGEHNHYGPAESQLITGY,Pip,5
a0718_Pip_AAF86395.1_A1_BGC0000994_FK520_Pip,LWQVFDYSVQESYACQGGEHNHYGPAESQLITGY,Pip,5
a0746_Sal|di-OH-Bz_AAO69874.1_A1_not_in_mibig_enterobactin_di-O,SRSIYAMSSPGGALQVGGAQQVFGMAEGLVNYTR,Sal|di-OH-Bz,5
b0115_Ile|Val_AFO85453.1_A1_BGC0000391_pendolmycin_Ile|Val,LDRSFDASTYEVFVWTGGEVHVYGPTESTTFATC,Ile|Val,5
a0612_Pip_CAF05647.1_A1_BGC0001053_tubulysin_NOTE:final_product,LWQAFDICYQETYLITAGEHNQYGPSECHVVTSH,Pip,5
a0435_Ile|Val_AGM14934.1_A4_BGC0000463_xantholysin_Ile|Val,LNNSFDAATLDGFVLCGGEVHCYGPTETTTFATA,Ile|Val,5
a0777_Pip_CAA60461.1_A1_not_in_mibig_rapamycin_Pip,LWQIFDYSVQESYALPGGEHNHYGPAESQLVTGY,Pip,5
a0745_Sal|di-OH-Bz_CAA33158.1_A1_not_in_mibig_enterobactin_di-O,SRSIYAMSSPGGALQVGGAQQVFGMAEGLVNYTR,Sal|di-OH-Bz,5
a0690_Sal|di-OH-Bz_AAA93464.1_A1_not_in_mibig_yersiniabactin_di,NASLFPLACPGGALQAGGAQQVFGMAEGLLCFTR,Sal|di-OH-Bz,5
a0482_Sal|di-OH-Bz_AAD55799.1_A1_not_in_mibig_pyochelin_di-OH-B,NASLFTLCCPGGALQVGGSQQVLGMAEGLICYTR,Sal|di-OH-Bz,5
a0764_Ile|Val_AAZ23078.1_A2_BGC0000291_A54145_Ile|Val,LAQAFDGAVLEMFIVVGGELNIYGPTETTAVTLT,Ile|Val,5
a0786_Ile|Val_EJK79842.1_A1_BGC0000436_syringolin_a_Ile|Val,LNTAFDASTFEGWLLTGGDTIAYGPTEGTVFTTA,Ile|Val,5
a0277_D-Ala_BAP16697.1_A1_BGC0000376_jbir-34_jbir-35_NOTE:no_ep,FSMAFDGSVIELHGLSGGEWNLYGPAETTVYSLV,D-Ala,3
a0673_Bmt_AAY29578.1_A1_not_in_mibig_bt_peptide_Bmt,LNDHFDFSVWEGNQIFGGEINMYGITETTVHVTY,Bmt,3
a0118_Bmt_simA_not_in_genbank_A5_BGC0000334_cyclosporin_NOTE:pr,SAAAFDMSIGEAFLLLAGEVNGWGPAETCVFSTL,Bmt,3
a0296_Hse_AFH75322.1_A4_BGC0000425_sessilin_Hse,MWYTFDLTQKNANLVLGGEINSYGPTECSDVVAW,Hse,3
a0269_Hse_CCJ67640.1_A4_BGC0000447_tolaasin_Hse,MWYTFDLTQKNANLVLGGEINSYGPTECSDVVAW,Hse,3
a0599_Bmt_CAA82227.1_A5_not_in_mibig_cyclosporin_Bmt,LPSAFDASIWETTLYTGGDFSGYGPTENTVISTI,Bmt,3
b0394_Hse_ACG60773.1_A1_BGC0001058_zorbamycin_Hse,FWATFDVSVFEASTNIGGEHNLYGPSETTTHSAN,Hse,3
b0004_D-Ala_ABC35522.1_A1_BGC0000186_thailandamide_NOTE:no_epim,LSMAFDMSVPELQILCGAEWNMYGPTETTVWSTM,D-Ala,3
a0114_D-Ala_simA_not_in_genbank_A1_BGC0000334_cyclosporin_NOTE:,SALSFDAAITEMLFILGGEVNAWGPTETCVISAL,D-Ala,3
a0062_PhGly_CAA67249.1_A4_BGC0000952_pristinamycin_PhGly,LDRSFDISTFEALLWTGGDKTLYGPTETTLGCTW,PhGly,2
a0334_Piz_AGZ15458.1_A1_BGC0001036_polyoxypeptin_Piz,GELTFDVSVFESSGVFAGDVNSYGQSESFYATTF,Piz,2
b0281_Met_ABC36785.1_A1_BGC0000964_burkholdac_Met,LSNTFDVCVFEMYLLVGVEVNGYGPTETTVFSTS,Met,2
b0175_Htyr_AHJ31215.1_A1_BGC0000430_spumigin_Htyr,LTWGFDLSVAETFLTVGGEYNCYGPTESTVTATI,Htyr,2
b0527_Met_ADY76684.1_A1_BGC0000950_napsamycin_Met,LGVLFDGSVLQLIQLVGGEVNIYGPTEAACVATC,Met,2
b0106_Ncp-Ala_AEH41793.1_A1_BGC0000374_hormaomycin_Ncp-Ala,LSASYDPVVIEAVIVAGGELNGYGPTEVTVACVT,Ncp-Ala,2
a0606_Phe|Tyr_AGC65513.1_A1_not_in_mibig_thalassospiramide_b_Ph,KVAFFDPWMHQVMSIIGGEWNCYGPTEATIHATT,Phe|Tyr,2
b0086_HOMM-Tyr_ADQ55476.1_A2_BGC0000350_ET-743__HOMM-Tyr,TDISFDLSVYDGNSLLSGDVSLGGATECSIWSNY,HOMM-Tyr,2
a0600_Abu_CAA82227.1_A6_not_in_mibig_cyclosporin_Abu,LDTSWDAATWETFFHTAGDFNVLGHTENTAYSTF,Abu,2
a0336_Piz_AGZ15459.1_A1_BGC0001036_polyoxypeptin_Piz,GDLTFDVSVFETSAILAGEVNAYGQTESFYAATF,Piz,2
b0082_Iso_AHB38497.1_A2_BGC0000346_epoxomicin_Iso,LNDHFDFSVWECSQTFGGEINVYGITEATILTTW,Iso,2
b0307_aKic_ABM21572.1_A2_BGC0000975_cryptophyicin_aKic,RGSMVAGLIYFRFALNGAETPSWGMAEVSSGITY,aKic,2
b0054_aKic_ABD14711.1_A1_BGC0000320_cereulide_aKic,RSNMVGGIVMCRWAVNGGEIPTFGMSEVSSGIIE,aKic,2
b0233_PhGly_AGN74885.1_A4_BGC0000459_griseoviridin_PhGly,LDPSFDPATFEALYWTGGDTAIYGPTEITLCATR,PhGly,2
b0024_Htyr_ACZ55944.1_A1_BGC0000302_anabaenopeptin_Htyr,LAWGFDLSIGETFLTVGGEYNCYGPTESTVTAAI,Htyr,2
b0109_Ncp-Ala_AEH41793.1_A4_BGC0000374_hormaomycin_Ncp-Ala,LSASYDPVVIEAVIVAGGELNGYGPTEVTVACVT,Ncp-Ala,2
b0081_Iso_AHB38497.1_A1_BGC0000346_epoxomicin_Iso,FDRSFDASTYEVFLWTGGEISVYGPTETTTFATC,Iso,2
a0119_Abu_simA_not_in_genbank_A6_BGC0000334_cyclosporin_NOTE:pr,SGHAFDGSLGETMLILGGEINGYGPAETCNYCSA,Abu,2
b0085_HOMM-Tyr_ADQ55476.1_A1_BGC0000350_ET-743__HOMM-Tyr,NSIPDMGLIGGTGGFSGAESTCYGLAESTLMVTS,HOMM-Tyr,2
b0001_Phe|Tyr_CBJ79916.1_A3_BGC0001133_taxlllaid_Tyr|Phe,LFISFDASVFEPFIHTGGEFNQYGPTEITVCATQ,Phe|Tyr,2
a0280_Hic_BAP16689.1_A1_BGC0000376_jbir-34_jbir-35_6Cl-Hic,LWTSFGVQIMEPMLVTTAEVMTYGTTESTNALTC,Hic,1
b0494_Ahnpb_AQZ26587.1_A2_BGC0001437_obafluorin_Ahnpb,SASLFTLSSPGGSVQVGGAQQVYGMSEGLVCYTA,Ahnpb,1
a0695_Leu|Arg_AAO62587.1_A1_BGC0001016_microcystin_Leu|Arg,NRTGFDVSVWEWFFFSGAEHNLYGPTEAAVDATC,Leu|Arg,1
a0377_Valol_AAM78457.1_A18_not_in_mibig_peptaibols_Valol,VRQSFDACIIETILILVGEHNGYGPAEACVTSTN,Valol,1
b0315_O-Iv_AAY42398.1_A1_BGC0001000_hectochlorin_O-Iv,RWLTPESVLWELNFLCSGELYAYTLPEIAGEVSC,O-Iv,1
a0253_Glyco-cya_AIS24862.1_A1_BGC0001147_distamycin_Glyco-cya,LEVAFSVAAEESQLVVGSEVQEYGATEGTVSQLL,Glyco-cya,1
b0201_dhDab_AED90003.1_A2_BGC0000443_thanamycin_dhDab,LATHFDFSVWEGNQIFGGEVNMYGITEITVHATY,dhDab,1
a0096_Ala|Gly_EWS95124.1_A3_BGC0000306_arylomycin_Ala|Gly,FWATFDVSVFEASGVLAGEANLYGPTESTVYATG,Ala|Gly,1
a0316_gOH-Val_YP_631961.1_A3_BGC0000393_myxoprincomide_gOH-Val,LGSAFDASTLEGWLLAGGDVNGYGPTESTTFTAC,gOH-Val,1
b0459_norCMA_WP_028678148.1_A2_BGC0001228_retimycin_norCMA,F--TFDPLNYEVWLWTGGEVNAYGPTEITTFASW,norCMA,1
a0388_Asn|Gln_AIW82283.1_A2_BGC0001125_puwainaphycins_Asn|Gln,YWSSFDATITCTKLVIGGEINEYGPTETVVGCSI,Asn|Gln,1
b0026_Arg|Lys_ACZ55945.1_A1_BGC0000302_anabaenopeptin_Arg|Lys,FMASFDVAAEEPDLIIGGEINSYGPTETTVAASI,Arg|Lys,1
a0373_Leu|Val_AAM78457.1_A14_not_in_mibig_peptaibols_Leu|Val,SSYSFDASIAEALLILGGEFNAWGPTESCVFGSL,Leu|Val,1
b0497_Me-Dpr_ARU08063.1_A1_BGC0001448_malacidin_Me-Dpr,HMKAFDISLWQAQISVTGEVNAYGATEVSDDTMH,Me-Dpr,1
a0564_dhAbu|dhTyr|Thr_AF047828.1_A7_BGC0000437_syringomycin_dhA,LATHFDFSVWEGNQVFGGEVNMYGITEITVHATY,dhAbu|dhTyr|Thr,1
a0415_Gca_BAO84864.1_A1_BGC0000414_quinocarcin_Gca,SEAADGLTPWRLVAVAIGEWRLHGSAEALASGAA,Gca,1
a0275_Alaol_CAB55600.1_A4_BGC0000365_glycopeptidolipid_Alaol,VTLHFDVSVWEGYQVVAGEINAYGPTESTIYAAI,Alaol,1
a0200_Kyn_AHH53508.1_A2_BGC0000439_taromycin_Kyn,LAQVFDASIWDTTLTVTGDLNGYGPTEATVAATY,Kyn,1
a0704_D-Lea_CAD28788.1_A1_not_in_mibig_ergot_peptide_alkaloid_N,AVYAFDVTIFDMSVVLGGEIRLYGASECTVMSIQ,D-Lea,1
b0057_aKiv_ABD14712.1_A1_BGC0000320_cereulide_aKiv,RSTMVGGIVMFKWAVNAGEIPVWGMSETCSGVVY,aKiv,1
a0711_Hcn_AAO62585.1_A1_BGC0001016_microcystin_Hcn,MGTMGAIVFLGAWSVNAGEKPAFGMTESCSGITW,Hcn,1
a0705_Ac-Phe_CAD29795.1_A1_BGC0001015_microcystin_Ac-Phe,MGTMGAIVFLGAWAVNAGEKPAFGMTESCSGITW,Ac-Phe,1
a0323_CysA_EFE73312.1_A1_BGC0000431_stenothricin_CysA,YRCAFDAGVTAGKAMVGGEVNHYGPTEVTVGCTD,CysA,1
b0310_Gac_ABX60161.1_A1_BGC0000978_cylindrospermopsin_Gac,MWHCFDFSCHESFLITTGEHNHYGATEFQDATTH,Gac,1
a0413_3Me-Tyr|ddh-Arg_BAO84866.1_A1_BGC0000414_quinocarcin_ddh-,SARAFDASAGGWDGILAGEFNEYGPTEATVWAAV,3Me-Tyr|ddh-Arg,1
a0333_Ala|Leu|Val_AGZ15455.1_A1_BGC0001036_polyoxypeptin_Ala|Le,LWLSFDLSQRSMHCLFGGELHQYGVAECTDVASS,Ala|Leu|Val,1
a0478_Gln|Tyr_AHZ20784.1_A2_BGC0000369_hassallidins_Gln|Tyr,FVAFFDASVEQPSLVFGGELNTYGPTEATVVSSI,Gln|Tyr,1
a0484_33p-Ala_AEF33078.1_A2_BGC0001039_pyridomycin_33p-Ala,LNQAFDAAFWDMTLVVAGEVNSYGPTEITVSCAI,33p-Ala,1
b0511_Hiv_WP_081656241.1_A1_BGC0001467_hapalosin_Hiv,RWLAQDTAVWEWGFLCSGEHNLYSLPESAGEVSY,Hiv,1
a0687_Ser|Thr_AAK46746.1_A1_not_in_mibig_dihydroaeruginoic_acid,TTFACDMSVLDANFAVGGDAGLGGATETAVHATI,Ser|Thr,1
a0709_Pac_BAB12213.1_A1_BGC0001017_microcystin_Pac,MGTMGAIVFLGAWSVNAGEKPAFGMTESCSGITW,Pac,1
a0632_Ala|Val_AAB80956.1_A2_BGC0001095_fengycin_Ala|Val,LNSSFDVVTFEGWLIIGGEWNGYGPTENTTFSTC,Ala|Val,1
