cd_hit_perc_id_cutoff,Leu,Ser,Val,Ala,Gly,Thr,Cys,Pro,Asn,Ile,Tyr,Asp,Phe,Gln,Glu,Lys,Dab,Trp,Hpg|Cl2-Hpg,Orn,Dhpg,Arg,Hpg,OH-Orn,Abu|Ival,aThr,Aad,dhAbu,di-OH-Bz,His,3Me-Asp,di-OH-Bz|Sal,Ile|Val,Pip,aThr|Thr,bOH-Tyr,3Me-Tyr,Bmt,bOH-Tyr|Tyr,D-Ala,Fo-OH-Orn,Hse,OH-Asn,Pro|4Me-Pro,3Me-Pro,Abu,aKic,bMe-Phe,dh-Thr,HOMM-Tyr,Htyr,Iso,Met,Ncp-Ala,OH-Asp,PhGly,Piz,33p-Ala,3OH-3Me-Pro,3OH-Leu,4OH-Pro,4p-Pro,4Pe-Pro,6Cl-Hic,Ac-Phe,Ahnpb,aIle|Ile,aKiv,Ala|Gly,Ala|Leu|Val,Ala|Val,Alaol,Arg|Lys,Asn|Gln,Asp|bMe-Asp,Asp|NMe-Asp,CysA,D-Lea,ddh-Arg|3Me-Tyr,dhAbu|dhTyr|Thr,dhDab,Gac,Gca,Gln|Tyr,Glu|3Me-Glu,Gly|NMe-Gly,Glyco-cya,gOH-Val,Hcn,Hiv,Hpg|2Cl-Hpg,Kyn,Leu|Arg,Leu|Val,Me-Dpr,NMe-Gly,NOH-Ala,NOH-Val,norCMA,O-Iv,Orn|OH-Orn,Pac,Phe|Tyr,Ser|Thr,Trp|6Cl-Trp,Tyr|bOH-Tyr,Valol,Tyr|Phe
98,102,79,75,61,58,57,48,33,32,29,29,25,23,22,22,20,19,18,17,17,12,11,11,10,8,8,7,6,6,6,5,5,5,5,4,4,3,3,3,3,3,3,3,3,2,2,2,2,2,2,2,2,2,2,2,2,2,1,1,1,1,1,1,1,1,1,1,1,1,1,1,1,1,1,1,1,1,1,1,1,1,1,1,1,1,1,1,1,1,1,1,1,1,1,1,1,1,1,1,1,1,1,1,1,1,1,1,0
96,98,74,71,59,56,56,45,31,30,28,29,23,23,21,21,20,17,18,17,16,12,11,9,10,8,8,7,6,6,6,5,5,5,5,4,4,3,3,3,3,3,3,3,3,2,2,2,1,1,2,2,2,2,2,2,2,2,1,1,1,1,1,1,1,1,1,1,1,1,1,1,1,1,1,1,1,1,1,1,1,1,1,1,1,1,1,1,1,1,1,1,1,1,1,1,1,1,1,1,1,1,1,1,1,1,1,1,0
94,95,73,69,57,56,53,45,31,29,28,29,22,23,21,20,19,17,17,17,16,12,9,9,10,8,8,7,6,6,6,5,5,5,5,4,4,3,3,3,3,3,3,3,3,2,2,2,1,1,2,2,2,2,1,2,2,2,1,1,1,1,1,1,1,1,1,1,1,1,1,1,1,1,1,1,1,1,1,1,1,1,1,1,1,1,1,1,1,1,1,1,1,1,1,1,1,1,1,1,1,1,1,1,1,1,1,1,0
92,93,67,65,56,54,53,45,31,29,28,29,21,23,20,19,19,15,17,17,16,12,9,9,10,8,8,7,6,6,6,5,5,5,5,4,4,3,3,3,3,3,3,3,3,2,2,2,1,1,2,2,2,2,1,2,2,2,1,1,1,1,1,1,1,1,1,1,1,1,1,1,1,1,1,1,1,1,1,1,1,1,1,1,1,1,1,1,1,1,1,1,1,1,1,1,1,1,1,1,1,1,1,1,1,1,1,1,0
90,92,66,65,55,54,52,45,31,29,26,29,20,23,20,18,18,14,17,17,16,12,9,9,10,8,7,7,6,6,6,5,5,5,5,4,3,3,3,3,3,3,3,2,3,2,2,2,1,1,2,2,2,2,1,2,2,2,1,1,1,1,1,1,1,1,1,1,1,1,1,1,1,1,1,1,1,1,1,1,1,1,1,1,1,1,1,1,1,1,1,1,1,1,1,1,1,1,1,1,1,1,1,1,1,1,1,1,0
80,70,53,56,51,54,47,43,29,27,18,20,18,22,20,15,18,13,16,12,15,4,9,2,9,8,5,7,1,5,6,5,4,5,4,4,2,3,3,2,3,3,2,2,3,2,2,2,1,1,2,2,2,2,1,1,2,2,1,1,1,1,1,1,1,1,1,1,1,1,1,1,1,1,1,1,1,1,1,1,1,0,1,1,1,1,1,1,1,1,1,1,1,1,1,1,1,1,1,1,1,1,0,1,1,1,1,1,0
70,49,45,50,47,52,41,35,25,24,14,18,18,20,13,13,17,9,15,7,13,2,8,1,7,8,2,6,0,4,6,2,4,5,3,4,1,3,3,2,3,3,2,2,3,2,2,2,1,0,2,1,2,2,0,1,2,2,1,1,1,1,1,1,1,1,1,0,1,1,1,0,0,1,1,1,0,1,1,1,1,0,1,1,1,1,1,1,1,0,1,1,1,1,1,1,1,1,0,1,1,1,0,1,1,1,0,1,0
60,31,30,38,37,42,30,29,20,21,10,14,15,15,10,10,15,7,12,5,11,2,7,1,6,6,1,3,0,4,5,2,4,3,2,2,1,3,3,1,3,2,2,2,2,2,2,2,1,0,2,1,2,2,0,0,2,2,0,1,1,1,1,1,1,1,1,0,1,1,1,0,0,1,0,1,0,1,1,1,1,0,1,1,1,1,1,1,1,0,1,0,1,1,1,1,1,1,0,1,1,1,0,1,1,1,0,1,0
50,15,12,25,20,17,12,16,13,13,4,8,11,7,4,6,7,4,7,4,6,1,5,0,3,1,1,3,0,3,2,1,1,2,2,0,0,1,1,0,2,1,1,1,2,1,0,2,0,0,2,0,1,1,0,0,1,1,0,1,1,1,1,0,1,1,0,0,1,0,1,0,0,0,0,0,0,0,1,1,1,0,1,1,1,1,0,1,0,0,1,0,1,1,1,0,1,1,0,0,1,1,0,1,1,1,0,1,1
40,3,2,8,10,5,3,5,7,3,1,1,3,5,1,1,3,2,2,2,2,0,2,0,0,0,0,2,0,2,0,1,0,0,1,0,0,0,0,0,0,0,0,1,2,1,0,2,0,0,1,0,0,0,0,0,0,0,0,0,1,0,1,0,0,1,0,0,0,0,1,0,0,0,0,0,0,0,1,0,1,0,0,1,0,0,0,0,0,0,1,0,0,0,0,0,0,0,0,0,0,0,0,1,1,1,0,1,0
