cd_hit_perc_id_cutoff,Leu,Ser,Val,Thr,Ala,Gly,Cys,Pro,Tyr,Asn,Asp,Ile,Orn,Hpg,Phe,Glu,Gln,Lys,Dab,Trp,Dhpg,Arg,Abu|Ival,Aad,dhAbu,di-OH-Bz,His,Ile|Val,Pip,Sal|di-OH-Bz,Bmt,D-Ala,Hse,Abu,aKic,HOMM-Tyr,Htyr,Iso,Met,Ncp-Ala,PhGly,Piz,33p-Ala,3Me-Tyr|ddh-Arg,Ac-Phe,Ahnpb,aKiv,Ala|Gly,Ala|Leu|Val,Ala|Val,Alaol,Arg|Lys,Asn|Gln,CysA,D-Lea,dhAbu|dhTyr|Thr,dhDab,Gac,Gca,Gln|Tyr,Glyco-cya,gOH-Val,Hcn,Hic,Hiv,Kyn,Leu|Arg,Leu|Val,Me-Dpr,norCMA,O-Iv,Pac,Phe|Tyr,Ser|Thr,Valol
98,102,79,76,71,62,60,48,42,40,35,34,31,31,29,25,23,22,20,19,19,12,11,8,7,6,6,6,5,5,5,3,3,3,2,2,2,2,2,2,2,2,2,1,1,1,1,1,1,1,1,1,1,1,1,1,1,1,1,1,1,1,1,1,1,1,1,1,1,1,1,1,1,1,1,1
96,98,74,72,69,60,58,45,40,40,33,32,30,30,27,24,22,21,20,17,19,12,11,8,7,6,6,6,5,5,5,3,3,3,2,2,2,2,2,2,2,2,2,1,1,1,1,1,1,1,1,1,1,1,1,1,1,1,1,1,1,1,1,1,1,1,1,1,1,1,1,1,1,1,1,1
94,95,73,70,66,58,58,45,40,40,32,31,30,30,27,24,21,21,19,17,18,12,9,8,7,6,6,6,5,5,5,3,3,3,2,2,2,2,2,2,1,2,2,1,1,1,1,1,1,1,1,1,1,1,1,1,1,1,1,1,1,1,1,1,1,1,1,1,1,1,1,1,1,1,1,1
92,93,67,66,66,57,56,45,40,40,32,30,30,30,27,24,20,20,19,15,18,12,9,8,7,6,6,6,5,5,5,3,3,3,2,2,2,2,2,2,1,2,2,1,1,1,1,1,1,1,1,1,1,1,1,1,1,1,1,1,1,1,1,1,1,1,1,1,1,1,1,1,1,1,1,1
90,92,66,66,64,56,56,45,40,39,31,29,28,30,27,24,19,20,18,14,18,12,9,8,7,6,6,6,5,5,5,3,3,3,2,2,2,2,2,2,1,2,2,1,1,1,1,1,1,1,1,1,1,1,1,1,1,1,1,1,1,1,1,1,1,1,1,1,1,1,1,1,1,1,1,1
80,70,53,57,57,52,56,43,38,28,29,26,20,28,15,23,16,20,18,13,17,4,9,8,7,1,5,6,5,4,4,3,3,2,2,2,2,2,2,2,1,2,2,1,1,1,1,1,1,1,1,1,1,1,1,1,1,0,1,1,1,1,1,1,1,1,1,1,1,1,1,1,0,1,1,1
70,49,45,50,47,48,54,35,34,24,26,22,15,24,9,21,14,13,17,9,16,2,8,8,6,0,4,6,5,3,4,3,3,2,2,2,2,1,2,2,0,2,2,1,1,1,1,1,1,1,0,0,1,1,1,1,1,0,1,1,1,1,1,0,1,1,1,1,1,1,1,1,0,1,1,1
60,31,30,38,33,38,44,29,28,19,23,18,11,20,6,16,11,10,15,7,13,2,7,6,3,0,4,5,3,2,4,3,3,2,2,2,2,1,2,2,0,2,2,0,1,1,1,1,1,1,0,0,1,0,1,1,1,0,1,1,1,1,1,0,1,1,1,1,1,1,1,1,0,1,1,1
50,15,12,25,13,21,18,16,19,9,14,12,5,11,4,7,7,4,7,4,8,1,5,1,3,0,3,2,2,2,1,1,2,1,0,2,2,0,1,1,0,1,1,0,1,1,0,1,0,1,0,0,0,0,0,1,1,0,1,1,1,1,0,0,1,1,1,1,1,0,0,1,0,2,1,1
40,3,2,8,3,10,5,5,12,1,4,4,1,2,2,5,1,1,3,2,3,0,2,0,2,0,2,0,0,1,0,0,0,0,0,2,1,0,0,0,0,0,0,0,0,1,0,0,0,1,0,0,0,0,0,1,1,0,0,1,0,0,0,0,0,1,0,0,0,0,0,0,0,1,1,1